,home_elo,away_elo,spread,h_drives,h_d_explosiveness,h_d_successrate,h_d_stuffrate,h_d_totalPPA,h_o_explosiveness,h_o_successrate,h_o_stuffrate,h_o_totalPPA,home_team_cover_spread,home_conference_ACC,home_conference_American Athletic,home_conference_Big 12,home_conference_Big Ten,home_conference_Conference USA,home_conference_FBS Independents,home_conference_Mid-American,home_conference_Mountain West,home_conference_Pac-12,home_conference_SEC,home_conference_Sun Belt,away_conference_ACC,away_conference_American Athletic,away_conference_Big 12,away_conference_Big Ten,away_conference_Conference USA,away_conference_FBS Independents,away_conference_Mid-American,away_conference_Mountain West,away_conference_Pac-12,away_conference_SEC,away_conference_Sun Belt,neutral_site_False,neutral_site_True,week
0,0.36328725,0.560706402,0.755813953,0.545454545,0.525943476,0.533938608,0.189655172,0.686762271,0.328233341,0.530377668,0.304347826,0.467732663,1,0,0,0,1,0,0,0,0,0,0,0,0,0,0,1,0,0,0,0,0,0,0,0,1,1
1,0.466973886,0.458425313,0.447674419,0.454545455,0.311295425,0.155642023,0.295698925,0.258220423,0.173751564,0.677011494,0.333333333,0.487121382,1,0,0,0,1,0,0,0,0,0,0,0,0,0,0,0,0,0,0,1,0,0,0,1,0,1
2,0.520737327,0.178807947,0.331395349,0.363636364,0.504999056,0.414199515,0.545045045,0.450794465,0.252425367,0.599883603,0.208333333,0.490175425,0,0,0,0,0,0,0,0,1,0,0,0,0,0,0,0,0,1,0,0,0,0,0,1,0,1
3,0.362519201,0.406181015,0.627906977,0.090909091,0.430090327,0.502117189,0.329059829,0.595900704,0.366020106,0.433869732,0.148148148,0.267459395,0,0,0,0,0,1,0,0,0,0,0,0,0,0,0,0,1,0,0,0,0,0,0,1,0,1
4,0.22734255,0.507726269,0.691860465,0.272727273,0.260224248,0.424010071,0.333333333,0.445528361,0.360928299,0.414189457,0.25,0.233661279,0,0,0,0,0,0,1,0,0,0,0,0,0,0,0,0,0,0,0,1,0,0,0,1,0,1
5,0.41781874,0.25607064,0.715116279,0.454545455,0.528817818,0.670783285,0.255813953,0.762526393,0.197520501,0.436781609,0.25,0.024834162,0,0,0,0,0,0,0,0,1,0,0,0,0,0,0,0,0,0,0,0,0,1,0,1,0,1
6,0.681259601,0.487122884,0.372093023,0.818181818,0.460385196,0.551821719,0.662037037,0.73485762,0.357382369,0.643205794,0.6875,0.508221281,0,0,0,1,0,0,0,0,0,0,0,0,0,0,0,0,0,0,1,0,0,0,0,1,0,1
7,0.598310292,0.453274467,0.523255814,0.545454545,0.509473375,0.435581496,0.244444444,0.47806168,0.513495687,0.486095662,0.424242424,0.474919503,0,1,0,0,0,0,0,0,0,0,0,0,0,0,1,0,0,0,0,0,0,0,0,1,0,1
8,0.577572965,0.394407653,0.197674419,0.454545455,0.372807026,0.388541138,0.543209877,0.441539039,0.230090461,0.716118685,0.2,0.671425113,1,0,0,0,0,0,0,0,0,0,1,0,0,0,0,0,0,0,1,0,0,0,0,1,0,1
9,0.396313364,0.314201619,0.372093023,0.636363636,0.54383539,0.345902953,0.48245614,0.380001738,0.355726147,0.621999127,0.408163265,0.504186364,1,0,0,0,0,0,0,0,0,0,1,0,0,0,0,0,1,0,0,0,0,0,0,1,0,1
10,0.573732719,0.585724798,0.651162791,0.545454545,0.443803337,0.426149992,0.23655914,0.444495451,0.313380447,0.545977011,0.210526316,0.455711847,0,0,0,0,1,0,0,0,0,0,0,0,0,0,0,1,0,0,0,0,0,0,0,1,0,1
11,0.576804916,0.233995585,0.191860465,0,0.344298302,0.023711089,0.48245614,0.263479719,0.13262866,0.879802956,0.040816327,0.639667359,1,0,0,0,1,0,0,0,0,0,0,0,0,0,0,0,0,1,0,0,0,0,0,1,0,1
12,0.385560676,0.395879323,0.680232558,0.727272727,0.404402635,0.393048691,0.385964912,0.497551127,0.18748978,0.224909933,0.6875,0.132885306,1,0,0,0,0,0,0,0,0,0,0,1,1,0,0,0,0,0,0,0,0,0,0,1,0,1
13,0.51843318,0.488594555,0.360465116,0.454545455,0.43976148,0.38640294,0.379310345,0.499052435,0.498542393,0.575757576,0.266666667,0.444444191,1,0,0,0,1,0,0,0,0,0,0,0,0,0,0,0,0,0,1,0,0,0,0,1,0,1
14,0.215053763,0.167034584,0.5,0.363636364,0.220228555,0.379377432,0.564102564,0.330536635,0.164442944,0.776127321,0.352941176,0.522371979,1,1,0,0,0,0,0,0,0,0,0,0,0,1,0,0,0,0,0,0,0,0,0,1,0,1
15,0.339477727,0.522442973,0.598837209,0.545454545,0.215822178,0.581421352,0.366666667,0.461292122,0.44545217,0.394237946,0.4,0.28223122,1,0,0,0,1,0,0,0,0,0,0,0,0,0,0,1,0,0,0,0,0,0,0,1,0,1
16,0.383256528,0.413539367,0.76744186,0.090909091,0.615860093,0.615593569,0.427777778,0.753120134,0.198940573,0.470616804,0.296296296,0.226011637,0,0,0,0,0,0,0,0,0,1,0,0,0,0,1,0,0,0,0,0,0,0,0,1,0,1
17,0.483870968,0.557763061,0.755813953,0.454545455,0.388545322,0.438655156,0.650537634,0.482522326,0.517837723,0.449628127,0.592592593,0.380519814,1,0,1,0,0,0,0,0,0,0,0,0,1,0,0,0,0,0,0,0,0,0,0,1,0,1
18,0.466973886,0.373804268,0.331395349,0.454545455,0.348253088,0.26345655,0.444444444,0.304669616,0.506183182,0.49764462,0.8,0.441966438,0,0,0,0,1,0,0,0,0,0,0,0,0,0,0,0,0,0,1,0,0,0,0,1,0,1
19,0.426267281,0.36129507,0.505813953,0.454545455,0.152450756,0.543774319,0.203703704,0.48452904,0.533485469,0.381369017,0.75,0.313428745,0,1,0,0,0,0,0,0,0,0,0,0,0,0,0,1,0,0,0,0,0,0,0,1,0,1
20,0.589861751,0.501103753,0.575581395,0.363636364,0.5816316,0.681474276,0.057291667,0.942025608,0.371444673,0.693997446,0.127659574,0.661590027,0,0,0,0,0,0,0,0,0,0,0,1,1,0,0,0,0,0,0,0,0,0,0,1,0,1
21,0.737327189,0.386313466,0.25,0.363636364,0.319860387,0.347226802,0.171875,0.270548068,0.243526064,0.68086545,0.153846154,0.546983374,1,0,0,0,1,0,0,0,0,0,0,0,0,0,0,0,0,0,0,1,0,0,0,1,0,1
22,0.598310292,0.247240618,0.331395349,0.454545455,0.304890193,0.257205039,0.611111111,0.334297617,0.259675317,0.655172414,0.142857143,0.491520383,1,0,0,0,0,0,0,0,0,1,0,0,0,0,0,0,0,0,1,0,0,0,0,1,0,1
23,0.40015361,0.462104489,0.686046512,0.636363636,0.429333701,0.493647743,0.06547619,0.539553988,0.117058476,0.587975243,0.342857143,0.387123257,1,0,0,0,0,0,0,0,1,0,0,0,0,1,0,0,0,0,0,0,0,0,0,1,0,1
24,0.838709677,0.515084621,0.424418605,0.090909091,0.039627512,0.576969844,0.316091954,0.387099264,0.407092941,0.902407287,0.105263158,0.734582746,1,0,0,0,0,0,0,0,0,0,1,0,0,0,0,0,0,0,0,0,1,0,0,0,1,1
25,0.661290323,0.330389993,0.25,0.272727273,0.309367945,0.459571035,0.141025641,0.409062157,0.300857052,0.812700207,0.166666667,0.627099763,1,0,0,1,0,0,0,0,0,0,0,0,0,0,0,0,1,0,0,0,0,0,0,1,0,1
26,0.496927803,0.317880795,0.534883721,0.363636364,0.29879904,0.607706442,0.337719298,0.595886563,0.056719883,0.428693061,0.432432432,0.186251307,0,0,0,0,0,0,0,0,1,0,0,0,0,0,0,0,0,0,0,0,1,0,0,1,0,1
27,0.479262673,0.548933039,0.651162791,0.363636364,0.365524122,0.345902953,0.152777778,0.572533047,0.407805469,0.561096375,0.090909091,0.417370241,1,0,0,0,0,1,0,0,0,0,0,0,0,1,0,0,0,0,0,0,0,0,0,1,0,1
28,0.566820276,0.682119205,0.534883721,0.454545455,0.548678208,0.474654869,0.196428571,0.623892964,0.400275658,0.455500821,0.428571429,0.423455977,1,0,0,0,0,0,0,0,0,0,1,0,0,1,0,0,0,0,0,0,0,0,0,1,0,1
29,0.591397849,0.348050037,0.360465116,0.363636364,0.23499543,0.433122568,0.442528736,0.394869644,0.215107135,0.71669095,0.19047619,0.493333941,0,0,0,0,0,0,0,0,0,0,1,0,0,0,0,0,0,0,0,0,0,0,1,1,0,1
30,0.304147465,0.569536424,0.744186047,0.272727273,0.529012643,0.670783285,0.407407407,0.743990854,0.291769112,0.34318555,0.076923077,0.204573091,0,0,1,0,0,0,0,0,0,0,0,0,0,0,0,0,0,1,0,0,0,0,0,1,0,1
31,0.513056836,0.291390728,0.63372093,0.363636364,0.30032436,0.404332622,0.220217883,0.440198311,0.435322888,0.32066162,0.380804954,0.094996206,1,0,0,0,0,0,0,0,1,0,0,0,0,0,0,0,0,0,0,0,0,0,1,1,0,1
32,0.460061444,0.272994849,0.23255814,0.272727273,0.549593304,0.289632233,0.366666667,0.152065185,0.271192641,0.92627824,0.222222222,0.668831273,1,0,0,0,0,0,0,0,0,1,0,0,0,0,0,0,1,0,0,0,0,0,0,1,0,1
33,0.368663594,0.451802796,0.680232558,0.363636364,0.60745961,0.520085494,0.339506173,0.766022685,0.310712123,0.655172414,0.25,0.521893563,1,0,0,0,0,0,0,1,0,0,0,0,0,0,0,0,1,0,0,0,0,0,0,1,0,1
34,0.290322581,0.534216336,0.651162791,0.727272727,0.527678562,0.259012705,0.398550725,0.440145907,0.219340665,0.485675073,0.392156863,0.196331118,1,0,0,0,0,0,0,0,0,0,0,1,0,0,0,0,0,1,0,0,0,0,0,1,0,1
35,0.600614439,0.472406181,0.436046512,0.181818182,0.455858459,0.309122352,0.327380952,0.443270776,0.31451145,0.575757576,0.2,0.396593549,1,0,0,0,0,0,0,0,0,0,1,0,0,0,0,0,0,0,1,0,0,0,0,1,0,1
36,0.582949309,0.493009566,0.593023256,0.090909091,0.754795824,0.374108301,0.192982456,0.679117816,0.084667767,0.819756788,0.192307692,0.553049515,1,0,0,0,0,0,0,0,0,0,0,1,0,0,0,0,0,1,0,0,0,0,0,1,0,1
37,0.42703533,0.119205298,0.279069767,0.272727273,0.25198585,0.533083582,0.377455197,0.489764953,0.304844067,0.53230167,0.333810376,0.396969083,1,0,1,0,0,0,0,0,0,0,0,0,0,0,0,0,0,1,0,0,0,0,0,1,0,1
38,0.525345622,0.674025018,0.639534884,0.090909091,0.228093327,0.694634734,0.282051282,0.597058095,0.266498409,0.796069707,0.210526316,0.600018901,1,0,0,0,0,0,0,0,0,0,1,0,0,0,0,0,0,0,0,0,1,0,0,1,0,1
39,0.801843318,0.700515085,0.412790698,0.181818182,0.471637559,0.300340467,0.407407407,0.475308267,0.171630004,0.642512077,0.235294118,0.476868185,0,0,0,0,1,0,0,0,0,0,0,0,0,0,0,0,0,1,0,0,0,0,0,1,0,1
40,0.837941628,0.501103753,0.122093023,0.454545455,0.317865702,0.137176021,0.693693694,0.188537202,0.414136647,0.727969349,0.451612903,0.638569952,1,0,0,0,0,0,0,0,0,0,1,0,0,0,0,0,0,0,0,1,0,0,0,1,0,1
41,0.459293395,0.476821192,0.465116279,0.636363636,0.661794642,0.151750973,0.376068376,0.145708249,0.318759149,0.398242055,0.344827586,0.297254723,1,0,0,0,0,0,0,0,0,0,1,0,0,0,0,0,0,0,0,0,0,0,1,1,0,1
42,0.485407066,0.453274467,0.412790698,0.363636364,0.356841669,0.419844358,0.192982456,0.488267843,0.277974769,0.773804456,0.193548387,0.655797964,1,0,0,0,0,0,0,0,0,0,1,0,0,1,0,0,0,0,0,0,0,0,0,1,0,1
43,0.441628264,0.515084621,0.720930233,0.454545455,0.551503111,0.659958658,0.305555556,0.845836649,0.317437789,0.356882534,0.47826087,0.095934907,0,0,0,0,0,1,0,0,0,0,0,0,0,1,0,0,0,0,0,0,0,0,0,1,0,1
44,0.572196621,0.245033113,0.174418605,0.454545455,0.326638726,0.289632233,0.148648649,0.273247072,0.313180846,0.701149425,0.076923077,0.506465601,1,0,0,1,0,0,0,0,0,0,0,0,0,0,0,0,0,0,0,0,0,0,1,1,0,1
45,0.497695853,0.342899191,0.337209302,0.363636364,0.493293701,0.371938659,0.192982456,0.469953759,0.307106074,0.736704981,0.266666667,0.624251224,1,0,0,0,0,0,0,0,0,1,0,0,0,0,0,0,0,0,1,0,0,0,0,1,0,1
46,0.503840246,0.581309787,0.593023256,0.636363636,0.374364256,0.337224384,0.505747126,0.482738914,0.657609306,0.403467758,0.4,0.476549657,1,0,0,0,0,0,0,0,0,1,0,0,0,0,0,0,0,0,0,1,0,0,0,1,0,1
47,0.257296467,0.59602649,0.802325581,0.454545455,0.517150438,0.554645368,0.211538462,0.746605798,0.272095322,0.520778073,0.3125,0.243362634,0,0,0,0,0,0,0,0,1,0,0,0,0,0,0,0,1,0,0,0,0,0,0,1,0,1
48,0.351766513,0.656364974,0.895348837,0.545454545,0.24926691,0.597806862,0.203703704,0.654751252,0.064642869,0.337513062,0.571428571,0.192314268,0,1,0,0,0,0,0,0,0,0,0,0,1,0,0,0,0,0,0,0,0,0,0,0,1,1
49,0.523041475,0.452538631,0.546511628,0.545454545,0.548014619,0.361813662,0.491869919,0.520825399,0.20195728,0.388250319,0.235294118,0.16620246,0,0,1,0,0,0,0,0,0,0,0,0,1,0,0,0,0,0,0,0,0,0,0,1,0,2
50,0.261904762,0.545253863,0.808139535,0.545454545,0.27947303,0.42153048,0.269607843,0.442163676,0.830470583,0,0.476190476,0.008888984,0,0,0,0,0,0,0,0,1,0,0,0,0,0,0,0,0,0,0,1,0,0,0,1,0,2
51,0.58218126,0.490066225,0.511627907,0.454545455,0.584859171,0.539810674,0.366666667,0.615414044,0.071015258,0.747667343,0.290322581,0.433643177,1,0,0,0,0,0,0,0,0,0,1,0,0,0,0,0,0,0,0,0,0,1,0,1,0,2
52,0.559139785,0.434878587,0.523255814,0.454545455,0.175039149,0.327549914,0.543209877,0.243786259,0.369922486,0.419449006,0.186046512,0.385888264,1,0,0,1,0,0,0,0,0,0,0,0,0,0,0,0,0,0,0,0,0,1,0,1,0,2
53,0.496159754,0.471670346,0.63372093,0.454545455,0.375547899,0.705195697,0.222222222,0.725431887,0.579778642,0.408782788,0.551724138,0.472986391,0,0,0,0,0,0,1,0,0,0,0,0,0,0,0,0,1,0,0,0,0,0,0,1,0,2
54,0.44546851,0.506990434,0.691860465,0.636363636,0.506549482,0.493981031,0.346846847,0.707337804,0.229559626,0.436781609,0.181818182,0.364114141,0,0,0,0,0,0,0,0,0,0,0,1,1,0,0,0,0,0,0,0,0,0,0,1,0,2
55,0.378648233,0.269315673,0.494186047,0.272727273,0.147303329,0.469705392,0.135802469,0.476196831,0.193136626,0.455200111,0.592592593,0.292072334,0,0,0,0,1,0,0,0,0,0,0,0,1,0,0,0,0,0,0,0,0,0,0,1,0,2
56,0.523809524,0.29874908,0.290697674,0.272727273,0.523464104,0.278210117,0.733333333,0.328144344,0.125711935,0.665957145,0.266666667,0.413332795,0,1,0,0,0,0,0,0,0,0,0,0,0,0,0,0,0,0,0,0,0,0,1,1,0,2
57,0.417050691,0.563649742,0.76744186,0.545454545,0.320789749,0.605471053,0.247747748,0.611343912,0.288444198,0.486590038,0.258064516,0.293744566,0,0,0,0,0,0,0,0,0,0,1,0,1,0,0,0,0,0,0,0,0,0,0,1,0,2
58,0.623655914,0.894039735,0.854651163,0.272727273,0.404127589,0.477734544,0.333333333,0.501940071,0.26567577,0.511751587,0.466666667,0.353661157,1,0,0,1,0,0,0,0,0,0,0,0,0,0,0,0,0,0,0,0,0,1,0,1,0,2
59,0.811059908,0.285504047,0.093023256,0.545454545,0.35354927,0.236278927,0.572916667,0.289503581,0.576647745,0.7198808,0.4,0.629703798,0,0,0,0,1,0,0,0,0,0,0,0,0,0,0,0,0,0,0,0,0,0,1,1,0,2
60,0.603686636,0.365710081,0.284883721,0.545454545,0.26235057,0.364049051,0.305555556,0.3582347,0.540752451,0.586206897,0.551724138,0.530681644,1,0,0,0,1,0,0,0,0,0,0,0,0,0,0,0,0,0,1,0,0,0,0,1,0,2
61,0.491551459,0.350993377,0.540697674,0.545454545,0.443538172,0.467604742,0.213178295,0.598651573,0.3618206,0.461047254,0.347826087,0.315961129,0,0,0,0,0,0,0,1,0,0,0,0,0,0,0,0,0,0,0,0,0,0,1,1,0,2
62,0.311827957,0.451802796,0.686046512,0.363636364,0.361722307,0.500022362,0.127906977,0.541329315,0.444721538,0.455500821,0.3125,0.450539128,0,0,0,0,0,0,0,1,0,0,0,0,0,0,0,0,0,0,1,0,0,0,0,1,0,2
63,0.711213518,0.495952907,0.372093023,0.363636364,0.142081355,0.619827917,0.429078014,0.516281254,0.091696247,0.620229885,0.457142857,0.113512071,0,0,0,0,0,0,1,0,0,0,0,0,0,0,0,0,0,0,0,0,0,0,1,1,0,2
64,0.629800307,0.569536424,0.401162791,0.181818182,0.305764465,0.373208693,0.359477124,0.435983396,0.143795505,0.489903697,0.75,0.243269267,0,0,0,0,0,0,0,0,0,0,1,0,0,0,0,0,0,0,0,0,0,0,1,1,0,2
65,0.585253456,0.332597498,0.406976744,0.151515152,0.373545897,0.498385907,0.200129955,0.548566579,0.180764284,0.630262371,0.126317807,0.47149789,1,0,0,0,0,0,0,0,1,0,0,0,0,0,0,0,0,0,0,0,1,0,0,1,0,2
66,0.655913978,0.526857984,0.406976744,0.454545455,0.292301745,0.436471394,0.406641604,0.470306125,0.420007316,0.540282013,0.258136925,0.433843208,0,0,0,0,1,0,0,0,0,0,0,0,0,0,0,0,0,0,0,0,1,0,0,1,0,2
67,0.395545315,0.406916851,0.662790698,0.272727273,0.780536033,0.516833023,0.427777778,0.872336218,0.476255858,0.346855984,0.181818182,0.253952745,0,0,1,0,0,0,0,0,0,0,0,0,0,1,0,0,0,0,0,0,0,0,0,1,0,2
68,0.248079877,0.485651214,0.936046512,0.181818182,0.374296441,0.588718582,0.418408827,0.625025537,0.434712619,0.473642666,0.268774704,0.237576816,0,0,0,0,0,1,0,0,0,0,0,0,0,0,0,1,0,0,0,0,0,0,0,1,0,2
69,0.598310292,0.649006623,0.680232558,0.545454545,0.320149969,0.585705509,0.413978495,0.572506751,0.532802181,0.335576114,0.666666667,0.317785113,0,1,0,0,0,0,0,0,0,0,0,0,0,0,0,0,0,0,0,0,0,1,0,1,0,2
70,0.556835637,0.163355408,0.209302326,0.545454545,0.256092836,0.318187524,0.47826087,0.301515363,0.227140352,0.72884642,0.285714286,0.541299179,1,0,0,0,1,0,0,0,0,0,0,0,0,0,0,0,0,0,1,0,0,0,0,1,0,2
71,0.497695853,0.546725533,0.563953488,0.636363636,0.269731654,0.379377432,0.252873563,0.408135326,0.354092692,0.509578544,0.390243902,0.367959867,0,0,0,1,0,0,0,0,0,0,0,0,0,1,0,0,0,0,0,0,0,0,0,1,0,2
72,0.530721966,0.479764533,0.563953488,0.636363636,0.513244861,0.11830049,0.398550725,0.244749781,0.165290185,0.469871125,0.238095238,0.338179345,1,0,0,0,1,0,0,0,0,0,0,0,1,0,0,0,0,0,0,0,0,0,0,1,0,2
73,0.477726575,0.313465784,0.465116279,0.363636364,0.274489251,0.428015564,0.196428571,0.368716172,0.443669253,0.39679456,0.206896552,0.410068855,0,0,0,0,0,0,0,0,0,1,0,0,0,0,0,0,0,0,0,1,0,0,0,1,0,2
74,0.338709677,0.326710817,0.453488372,0.545454545,0.44340997,0.433122568,0.517094017,0.50630306,0.549219849,0.205154998,0.384615385,0.149736657,0,0,0,0,0,0,0,0,1,0,0,0,0,0,0,0,1,0,0,0,0,0,0,1,0,2
75,0.565284178,0.665930831,0.569767442,0.363636364,0.155430226,0.447018369,0.305555556,0.349929182,0.027525393,0.353396029,0.454545455,0.108548358,0,0,0,0,1,0,0,0,0,0,0,0,0,0,1,0,0,0,0,0,0,0,0,1,0,2
76,0.462365591,0.235467255,0.447674419,0.181818182,0.346697489,0.712769721,0.104761905,0.792110866,0.329289814,0.621137483,0.052631579,0.613436454,0,0,0,1,0,0,0,0,0,0,0,0,0,0,1,0,0,0,0,0,0,0,0,1,0,2
77,0.486943164,0.380426784,0.459302326,0.454545455,0.861462824,0.229925716,0.366666667,0.486128019,0.441483827,0.518349259,0.536585366,0.497806858,1,0,1,0,0,0,0,0,0,0,0,0,0,0,0,0,0,0,0,0,0,0,1,1,0,2
78,0.53609831,0.494481236,0.680232558,0.272727273,0.702155961,0.31614786,0.594594595,0.383387966,0.417777031,0.433522045,0.378378378,0.396912501,1,0,0,0,0,0,1,0,0,0,0,0,0,0,0,0,1,0,0,0,0,0,0,1,0,2
79,0.689708141,0.312729948,0.226744186,0.454545455,0.379161638,0.312635106,0.420138889,0.334261329,0.403276948,0.496342738,0.529411765,0.397858104,0,0,0,1,0,0,0,0,0,0,0,0,0,0,0,0,0,0,1,0,0,0,0,1,0,2
80,0.639016897,0.372332597,0.48255814,0.363636364,0.284556867,0.366731518,0.458333333,0.426855815,0.360840357,0.627873563,0.3125,0.528327395,1,0,0,0,0,0,0,0,0,0,0,1,0,0,0,0,0,0,1,0,0,0,0,1,0,2
81,0.271121352,0.151582046,0.453488372,0.636363636,0.231842394,0.445934876,0.096491228,0.266566073,0.294799445,0.618261292,0.102564103,0.436823761,1,0,0,0,0,0,0,0,0,0,0,1,0,0,0,0,1,0,0,0,0,0,0,1,0,2
82,0.496159754,0.090507726,0.284883721,0.363636364,0.402933598,0.229925716,0.192982456,0.426842669,0.305578213,0.655172414,0.388888889,0.511348438,1,0,0,0,0,0,0,1,0,0,0,0,0,0,0,0,0,1,0,0,0,0,0,1,0,2
83,0.184331797,0.448859455,0.88372093,0.272727273,0.346198503,0.681474276,0.162962963,0.75699783,0.394957564,0.35209946,0.56,0.297637914,0,0,0,0,0,0,1,0,0,0,0,0,1,0,0,0,0,0,0,0,0,0,0,1,0,2
84,0.528417819,0.61736571,0.540697674,0.363636364,0.382959026,0.346742814,0.366666667,0.394989373,0.597664533,0.157913351,0.344827586,0.114725046,0,0,0,0,0,0,0,0,0,0,1,0,0,0,0,0,0,0,0,0,0,1,0,1,0,2
85,0.470046083,0.369389257,0.534883721,0.454545455,0.357510488,0.551821719,0.152777778,0.647550981,0.574916539,0.549285963,0.285714286,0.594913621,0,0,1,0,0,0,0,0,0,0,0,0,0,0,0,0,0,0,1,0,0,0,0,1,0,2
86,0.358678955,0.543046358,0.720930233,0.363636364,0.425162054,0.674448768,0.222222222,0.764758223,0.18995593,0.655172414,0.368421053,0.446744381,0,0,0,0,0,0,0,0,0,1,0,0,0,0,0,0,0,0,0,0,1,0,0,1,0,2
87,0.559139785,0.373804268,0.337209302,0.272727273,0.363694949,0.834935071,0.130952381,0.901985913,0.299591226,0.773804456,0.044444444,0.754718555,0,0,0,0,1,0,0,0,0,0,0,0,0,0,0,0,0,0,0,0,0,0,1,1,0,2
88,0.571428571,0.34142752,0.331395349,0.181818182,0.262507239,0.465516269,0.493589744,0.402070226,0.401569141,0.639289446,0.424242424,0.487527221,0,0,0,0,0,0,0,0,0,0,1,0,0,0,0,0,0,0,0,1,0,0,0,1,0,2
89,0.687403994,0.544518028,0.476744186,0.636363636,0.575677929,0.317219548,0.555555556,0.484731919,0.220096132,0.551176793,0.304347826,0.366069241,1,0,0,1,0,0,0,0,0,0,0,0,0,0,0,0,0,0,0,0,1,0,0,1,0,2
90,0.79109063,0.231052244,0,0.545454545,0.292190846,0.208932499,0.47311828,0.256133881,0.400554717,0.861650993,0.125,0.703152859,0,0,0,0,1,0,0,0,0,0,0,0,0,0,0,0,0,0,0,1,0,0,0,1,0,2
91,0.401689708,0.415011038,0.575581395,0.545454545,0.658017514,0,1,0.305952699,0.455913324,0.293697979,0.702702703,0.254822304,1,1,0,0,0,0,0,0,0,0,0,0,1,0,0,0,0,0,0,0,0,0,0,1,0,2
92,0.305683564,0.195732156,0.406976744,0.454545455,0.592972362,0.310399717,0.289473684,0.475767474,0.347298775,0.428693061,0.444444444,0.318426933,0,0,0,0,0,1,0,0,0,0,0,0,0,0,0,0,0,1,0,0,0,0,0,1,0,2
93,0.612135177,0.600441501,0.581395349,0.454545455,0.379795255,0.388861868,0.267361111,0.431258309,0.265053895,0.427806645,0.387096774,0.376626442,1,0,0,0,0,0,1,0,0,0,0,0,0,0,1,0,0,0,0,0,0,0,0,1,0,2
94,0.539170507,0.529065489,0.598837209,0.272727273,0.47771721,0.533938608,0.37745098,0.662483585,0.289682505,0.573639847,0.214285714,0.464139811,0,0,0,0,0,0,0,0,1,0,0,0,0,0,0,0,0,0,0,0,1,0,0,1,0,2
95,0.375576037,0.521707138,0.755813953,0.454545455,0.154188687,0.744505946,0.333333333,0.673790368,0.357801925,0.356006928,0.6,0.112460749,0,0,0,0,0,0,0,0,0,1,0,0,0,0,0,0,0,0,0,0,0,1,0,1,0,2
96,0.474654378,0.463576159,0.639534884,0.636363636,0.642773579,0.471347718,0.611111111,0.674493162,0.226314087,0.689207344,0.1,0.433476924,0,1,0,0,0,0,0,0,0,0,0,0,1,0,0,0,0,0,0,0,0,0,0,1,0,3
97,0.401689708,0.604120677,0.802325581,0.090909091,0.360364357,0.519632119,0.223577236,0.516193648,0.172670711,0.598813496,0.432432432,0.315257076,1,0,0,0,0,0,0,0,1,0,0,0,0,0,0,0,0,0,0,1,0,0,0,1,0,3
98,0.486175115,0.880058867,0.906976744,0.272727273,0.174984695,1,0.20952381,0.859941063,0.447558323,0.288022655,0.466666667,0.054741097,0,0,0,0,0,0,0,0,0,0,1,0,0,0,0,0,0,0,0,0,0,1,0,1,0,3
99,0.498463902,0.557027226,0.593023256,0.363636364,0.192194874,0.503179656,0.27998366,0.452958007,0.389616116,0.455760479,0.44546851,0.300550673,1,1,0,0,0,0,0,0,0,0,0,0,0,0,0,1,0,0,0,0,0,0,0,1,0,3
100,0.824116743,0.14790287,0.058139535,0.454545455,0.17646091,0.101167315,0.5,0.129620955,0.22640991,0.794436115,0.292682927,0.579638061,1,0,0,0,1,0,0,0,0,0,0,0,0,0,0,0,0,1,0,0,0,0,0,1,0,3
101,0.543778802,0.689477557,0.73255814,0.545454545,0.455981182,0.63229572,0.27672956,0.853517156,0.14986073,0.598447529,0.136363636,0.354037514,0,0,0,0,1,0,0,0,0,0,0,0,0,0,1,0,0,0,0,0,0,0,0,1,0,3
102,0.610599078,0.312729948,0.261627907,0.454545455,0.225469047,0.295665041,0.052380952,0.301258146,0.458853351,0.613574165,0.057142857,0.572078313,1,0,0,1,0,0,0,0,0,0,0,0,0,0,0,0,0,0,0,0,0,0,1,1,0,3
103,0.343317972,0.621780721,0.529069767,0.545454545,0.402199561,0.545933378,0.148648649,0.659382133,0.26098926,0.553595295,0.193548387,0.506497817,,0,0,0,1,0,0,0,0,0,0,0,0,0,0,0,1,0,0,0,0,0,0,1,0,
104,0.5906298,0.345842531,0.470930233,0.545454545,0.268299198,0.422399615,0.1375,0.396735786,0.477476958,0.822450477,0.416666667,0.618692347,0,0,0,0,0,0,0,0,0,0,0,1,0,0,0,0,0,0,1,0,0,0,0,1,0,3
105,0.108294931,0.364974246,0.819767442,0.181818182,0.003288988,0.418623373,0.183333333,0.394654053,0.25197655,0.410574713,0.388888889,0.29815496,1,0,1,0,0,0,0,0,0,0,0,0,0,0,0,1,0,0,0,0,0,0,0,1,0,3
106,0.680491551,0.319352465,0.377906977,0.545454545,0.179294979,0.295665041,0.5,0.168711716,0.325342482,0.522238881,0.484848485,0.542981952,1,0,0,1,0,0,0,0,0,0,0,0,0,0,0,0,0,0,1,0,0,0,0,1,0,3
107,0.615975422,0.388520971,0.430232558,0.181818182,0.357102447,0.619466531,0.114583333,0.654134692,0.275724859,0.618261292,0.157894737,0.525347894,1,0,0,0,0,0,0,0,0,1,0,0,0,0,0,0,0,0,0,0,0,0,1,1,0,3
108,0.456221198,0.3598234,0.511627907,0.272727273,0.322665497,0.345536253,0.122222222,0.43117025,0.186942598,0.611494253,0.279069767,0.462358481,0,1,0,0,0,0,0,0,0,0,0,0,0,0,0,0,0,0,0,0,0,0,1,1,0,3
109,0.688940092,0.465783664,0.453488372,0.363636364,0.564593611,0.278210117,0.534722222,0.374372189,0.069003241,0.537828101,0.095238095,0.344016717,0,0,0,0,0,0,1,0,0,0,0,0,0,0,0,0,0,0,0,0,1,0,0,1,0,3
110,0.601382488,0.44812362,0.447674419,0.454545455,0.359273032,0.337224384,0.192982456,0.388768396,0.124974892,0.457164751,0.227272727,0.267430113,0,0,0,1,0,0,0,0,0,0,0,0,0,1,0,0,0,0,0,0,0,0,0,1,0,3
111,0.318740399,0.362030905,0.581395349,0.272727273,0.41766507,0.491174646,0.346846847,0.482984722,0.311701971,0.770114943,0.083333333,0.720838866,0,0,0,0,0,0,0,0,1,0,0,0,0,0,0,0,1,0,0,0,0,0,0,1,0,3
112,0.567588326,0.635025754,0.639534884,0.363636364,0.568580386,0.533938608,0.4125,0.708247208,0.401138365,0.419074247,0.625,0.21562843,1,0,0,0,0,0,0,0,0,0,1,0,0,0,0,1,0,0,0,0,0,0,0,1,0,3
113,0.457757296,0.601913171,0.569767442,0.272727273,0.437004824,0.414199515,0.339506173,0.486192588,0.228142559,0.694287185,0.311111111,0.608394017,0,0,0,0,0,0,0,0,0,1,0,0,0,0,0,0,0,1,0,0,0,0,0,1,0,3
114,0.616743472,0.299484915,0.284883721,0.272727273,0.474144383,0.393428448,0.261904762,0.503631581,0.225918491,0.84803702,0.185185185,0.616302658,1,0,0,0,1,0,0,0,0,0,0,0,0,0,0,0,0,0,0,0,1,0,0,1,0,3
115,0.5,0.388520971,0.476744186,0.363636364,0.351989213,0.473889003,0.148648649,0.521344289,0.293725953,0.538697318,0.095238095,0.502632511,1,0,0,0,0,1,0,0,0,0,0,0,0,0,0,0,0,0,0,0,0,0,1,1,0,3
116,0.329493088,0.585724798,0.808139535,0.363636364,0.456399171,0.589114549,0.480874317,0.731485076,0.390887142,0.24408384,0.444444444,0.047456686,1,1,0,0,0,0,0,0,0,0,0,0,0,0,0,0,0,0,0,0,0,1,0,1,0,3
117,0.589861751,0.339220015,0.447674419,0.090909091,0.52256533,0.486381323,0.269607843,0.690727679,0.286712738,0.645977011,0.136363636,0.627514166,0,0,0,0,0,0,0,0,0,0,0,1,0,0,0,0,0,0,0,0,0,0,1,1,0,3
118,0.375576037,0.389256806,0.581395349,0.272727273,0.342128796,0.671932168,0.275,0.742943731,0.439941114,0.504558066,0.333333333,0.454976595,0,0,0,0,0,0,0,1,0,0,0,0,0,0,0,0,0,0,0,0,0,1,0,1,0,3
119,0.64516129,0.194260486,0.174418605,0.636363636,0.176258079,0.361813662,0.434210526,0.395273491,0.381760622,0.761058865,0.181818182,0.588433938,0,0,0,0,1,0,0,0,0,0,0,0,0,0,0,0,0,1,0,0,0,0,0,1,0,3
120,0.558371736,0.279617366,0.511627907,0.272727273,0.491976308,0.5424914,0.426356589,0.741133295,0.209904831,0.630906769,0.166666667,0.475291703,1,0,1,0,0,0,0,0,0,0,0,0,0,0,1,0,0,0,0,0,0,0,0,1,0,3
121,0.910138249,0.195732156,0.034883721,0.636363636,0.151653062,0.26459144,0.314285714,0,0.295851643,0.726775956,0.473684211,0.320402871,0,0,0,0,0,0,0,0,0,0,1,0,0,0,0,0,0,0,0,0,0,0,1,1,0,3
122,0.549923195,0.308314937,0.412790698,0.363636364,0.463100081,0.229925716,0.611111111,0.268052459,0.562567723,0.554927454,0.434782609,0.530297413,1,0,0,0,0,0,0,0,0,1,0,0,0,0,0,0,0,0,0,1,0,0,0,1,0,3
123,0.599078341,0.529065489,0.406976744,0.636363636,0.465422287,0.491466219,0.268292683,0.469290325,0.358435868,0.344572158,0.275862069,0.34636602,1,1,0,0,0,0,0,0,0,0,0,0,0,0,0,0,0,1,0,0,0,0,0,1,0,3
124,0.229646697,0.517292127,0.808139535,0.363636364,0.441401556,0.31614786,0.187473118,0.481395325,0.15397644,0.500549704,0.197324415,0.245755187,0,0,0,0,0,0,0,1,0,0,0,0,0,0,0,0,0,0,0,0,0,0,1,1,0,3
125,0.496927803,0.546725533,0.645348837,0.454545455,0.415799171,0.29383154,0.641666667,0.229936467,0.302697931,0.540229885,0.176470588,0.448214092,1,0,0,0,0,0,0,0,0,0,1,0,0,0,0,0,0,0,0,0,0,1,0,1,0,3
126,0.440860215,0.203826343,0.38372093,0.363636364,0.271147441,0.710732404,0.523809524,0.473914586,0.385693865,0.655172414,0.226415094,0.555407546,1,0,0,0,0,0,0,0,0,0,0,1,0,0,0,0,1,0,0,0,0,0,0,1,0,3
127,0.671274962,0.099337748,0.058139535,0.454545455,0.174591805,0.465516269,0.385964912,0.465773584,0.440691715,0.864335438,0.133333333,0.870156464,0,0,0,0,0,0,0,0,0,0,1,0,0,0,0,0,0,0,1,0,0,0,0,1,0,3
128,0.568356375,0.488594555,0.488372093,0.454545455,0.43574647,0.354085603,0.47826087,0.417441479,0.35970794,0.39171684,0.5,0.28415173,1,1,0,0,0,0,0,0,0,0,0,0,0,0,1,0,0,0,0,0,0,0,0,1,0,3
129,0.821044547,0.53200883,0.25,0.454545455,0.755804037,0.287212293,0.286458333,0.488426835,0.450026716,0.887385421,0.088888889,1,1,0,0,0,1,0,0,0,0,0,0,0,0,0,0,0,0,0,1,0,0,0,0,1,0,3
130,0.460829493,0.27593819,0.441860465,0.363636364,0.436300955,0.581712062,0.401041667,0.71155598,0.437973347,0.666819923,0.47826087,0.597240365,1,0,1,0,0,0,0,0,0,0,0,0,0,0,0,0,0,0,0,0,0,0,1,1,0,3
131,0.458525346,0.498896247,0.697674419,0.363636364,0.45461038,0.660249846,0.225146199,1,0.283206235,0.451340996,0.344827586,0.341435666,0,0,0,0,0,1,0,0,0,0,0,0,0,1,0,0,0,0,0,0,0,0,0,1,0,3
132,0.569124424,0.523178808,0.331395349,0.454545455,0.122881863,0.245793829,0.47008547,0.246646934,0.399833835,0.411720369,0.451612903,0.306281074,0,0,0,0,1,0,0,0,0,0,0,0,0,0,0,0,0,0,0,1,0,0,0,1,0,3
133,0.542242704,0.586460633,0.581395349,0.545454545,0.362336028,0.343436412,0.141025641,0.234078369,0.101551355,0.726775956,0.111111111,0.509452161,1,0,0,0,1,0,0,0,0,0,0,0,0,1,0,0,0,0,0,0,0,0,0,1,0,3
134,0.521505376,0.274466519,0.337209302,0.181818182,0.441321677,0.585705509,0.076388889,0.645256708,0.357451317,0.515402299,0.266666667,0.294904108,1,0,0,0,0,0,0,0,0,0,1,0,0,1,0,0,0,0,0,0,0,0,0,1,0,3
135,0.178187404,0.648270787,0.744186047,0.181818182,0.591961683,0.300340467,0.458333333,0.447161913,0.437935582,0.524137931,0.390243902,0.387018305,0,0,0,0,0,1,0,0,0,0,0,0,0,0,0,0,0,0,0,0,0,0,1,1,0,3
136,0.529185868,0.607799853,0.569767442,0.363636364,0.528548028,0.460170774,0.564102564,0.646406039,0.436901864,0.475979959,0.756756757,0.356651456,1,0,0,0,0,0,0,0,0,1,0,0,0,0,0,1,0,0,0,0,0,0,0,1,0,3
137,0.460061444,0.579102281,0.726744186,0.181818182,0.242316661,0.751205064,0.105769231,0.737075377,0.247138724,0.235862069,0.592592593,0.072368316,1,0,0,0,0,0,0,1,0,0,0,0,1,0,0,0,0,0,0,0,0,0,0,1,0,3
138,0.696620584,0.269315673,0.220930233,0.636363636,0.518527459,0.28102032,0.771929825,0.416459197,0.323322604,0.678782231,0.263157895,0.604139903,0,1,0,0,0,0,0,0,0,0,0,0,0,0,0,0,1,0,0,0,0,0,0,1,0,3
139,0.6359447,0.476085357,0.459302326,0.25,0.403676034,0.415577103,0.224958933,0.476997766,0.231059812,0.696902708,0.234534164,0.473933655,0,0,0,1,0,0,0,0,0,0,0,0,0,0,0,0,1,0,0,0,0,0,0,1,0,3
140,0.259600614,0.304635762,0.63372093,0.545454545,0.379462096,0.393428448,0.215686275,0.200607832,0.322887477,0.308520343,0.604651163,0.216040784,1,0,0,0,0,0,0,0,1,0,0,0,0,0,0,0,1,0,0,0,0,0,0,1,0,3
141,0.623655914,0.531272995,0.534883721,0.090909091,0.244142194,0.428015564,0.305555556,0.454739807,0.31085789,0.44090219,0.533333333,0.303715259,1,0,0,0,0,0,0,0,0,0,1,0,1,0,0,0,0,0,0,0,0,0,0,1,0,3
142,0.689708141,0.434142752,0.348837209,0.363636364,0.423196442,0.101167315,0.458333333,0.213085146,0.290235567,0.617191404,0.111111111,0.461717471,1,0,0,0,0,0,0,0,0,1,0,0,0,0,0,0,0,0,0,1,0,0,0,1,0,3
143,0.560675883,0.523914643,0.476744186,0.181818182,0.309075843,0.603740429,0.271604938,0.447153972,0.287675985,0.756749532,0.15,0.670498332,1,0,0,0,0,0,0,0,0,1,0,0,0,0,0,0,0,0,0,1,0,0,0,1,0,3
144,0.540706605,0.346578366,0.372093023,0.318181818,0.310984412,0.593108706,0.145720109,0.676212172,0.396666788,0.488401254,0.329032258,0.371757909,1,0,0,0,0,0,0,0,0,1,0,0,0,0,0,0,0,0,1,0,0,0,0,1,0,3
145,0.432411674,0.409124356,0.63372093,0.181818182,0.217103326,0.573281453,0.458333333,0.586085391,0.395702818,0.342008241,0.823529412,0.086953297,0,1,0,0,0,0,0,0,0,0,0,0,0,0,1,0,0,0,0,0,0,0,0,1,0,3
146,0.42703533,0.575423105,0.639534884,0.545454545,0.316527263,0.685621865,0.317307692,0.600360125,0.310329587,0.530377668,0.6,0.332271739,0,0,0,0,0,0,0,0,0,0,0,1,0,0,0,0,0,0,0,0,0,0,1,1,0,4
147,0.5,0.44665195,0.5,0.454545455,0.242378091,0.471347718,0.229166667,0.404111763,0.378060683,0.338664001,0.193548387,0.320026576,0,1,0,0,0,0,0,0,0,0,0,0,1,0,0,0,0,0,0,0,0,0,0,1,0,4
148,0.615975422,0.475349522,0.331395349,0.090909091,0.472972148,0.608371017,0.203703704,0.592419675,0.173571834,0.879162983,0.081081081,0.727119325,0,0,0,0,0,0,0,0,1,0,0,0,0,0,0,0,0,0,0,1,0,0,0,1,0,4
149,0.274193548,0.547461369,0.802325581,0.181818182,0.168525242,0.379377432,0.366666667,0.309272332,0.1645751,0.511751587,0.37037037,0.353016119,1,0,0,0,0,1,0,0,0,0,0,0,0,0,0,0,0,0,0,1,0,0,0,1,0,4
150,0.469278034,0.276674025,0.430232558,0.454545455,0.570652053,0.160181582,0.488888889,0.215502628,0.594310682,0.48045977,0.444444444,0.498012349,1,1,0,0,0,0,0,0,0,0,0,0,0,1,0,0,0,0,0,0,0,0,0,1,0,4
151,0.703533026,0.443708609,0.284883721,0.272727273,0.30846913,0.488747502,0.261904762,0.49810384,0.453288235,0.495224219,0.451612903,0.45247526,1,0,0,0,1,0,0,0,0,0,0,0,0,0,0,0,0,0,1,0,0,0,0,1,0,4
152,0.707373272,0.632082414,0.581395349,0.272727273,0.351430562,0.606260014,0.4125,0.63287263,0.384663194,0.558109834,0.608695652,0.426205176,0,0,0,1,0,0,0,0,0,0,0,0,0,0,1,0,0,0,0,0,0,0,0,1,0,4
153,0.348694316,0.289919058,0.529069767,0.181818182,0.407876864,0.533938608,0.111111111,0.645661512,0.588117542,0.583568871,0.594594595,0.56272311,0,0,0,1,0,0,0,0,0,0,0,0,1,0,0,0,0,0,0,0,0,0,0,1,0,4
154,0.947004608,0.294334069,0.087209302,0.272727273,0.2239492,0.564202335,0.407407407,0.511629119,0.210075227,0.816091954,0.35,0.557139428,1,0,0,0,0,0,0,0,0,0,1,0,0,0,0,0,0,0,1,0,0,0,0,1,0,4
155,0.516129032,0.394407653,0.523255814,0.454545455,0.201771056,0.460963976,0.37745098,0.423117482,0.39987543,0.311041449,0.744186047,0.209775651,0,0,0,0,0,0,0,0,0,0,1,0,0,0,0,0,0,0,0,0,0,1,0,1,0,4
156,0.87250384,0.540103017,0.412790698,0.272727273,0.288290775,0.644421939,0.11827957,0.575170613,0.326078758,0.722369584,0.473684211,0.513336795,0,0,0,0,1,0,0,0,0,0,0,0,0,0,0,1,0,0,0,0,0,0,0,1,0,4
157,0.529953917,0.235467255,0.25,0.363636364,0.251161437,0.402795792,0.352564103,0.409182495,0.309783414,0.737068966,0.4,0.523416709,0,0,0,0,0,0,0,0,0,0,1,0,0,0,0,0,0,0,1,0,0,0,0,1,0,4
158,0.5906298,0.458425313,0.639534884,0.363636364,0.809720061,0.466318093,0.183333333,0.811191257,0.594586008,0.521568627,0.176470588,0.592578382,1,0,1,0,0,0,0,0,0,0,0,0,0,0,1,0,0,0,0,0,0,0,0,1,0,4
159,0.598310292,0.687270052,0.697674419,0.545454545,0.536318001,0.472317285,0.255813953,0.763217681,0.309410864,0.655172414,0.5,0.462035436,0,1,0,0,0,0,0,0,0,0,0,0,1,0,0,0,0,0,0,0,0,0,0,1,0,4
160,0.382488479,0.346578366,0.534883721,0.272727273,0.213842712,0.761839233,0.103773585,0.767105377,0.302919358,0.550344828,0.133333333,0.428184056,1,0,0,0,0,0,0,1,0,0,0,0,0,0,0,0,0,0,1,0,0,0,0,1,0,4
161,0.119815668,0.04415011,0.494186047,0.545454545,0.453234391,0.220858223,0.174603175,0.245234606,0.429318206,0.414189457,0.1875,0.306779996,0,0,1,0,0,0,0,0,0,0,0,0,0,0,0,0,0,1,0,0,0,0,0,1,0,4
162,0.248847926,0.59455482,0.86627907,0.363636364,0.461806393,0.675830835,0.177419355,0.750922787,0.266762687,0.433869732,0.344827586,0.281885565,1,0,0,0,0,0,0,0,0,1,0,0,0,0,0,0,0,0,0,0,1,0,0,1,0,4
163,0.485407066,0.641648271,0.691860465,0.272727273,0.473253828,0.617292093,0.261904762,0.636132015,0.415237305,0.428045977,0.372093023,0.44409564,0,0,0,1,0,0,0,0,0,0,0,0,0,0,1,0,0,0,0,0,0,0,0,1,0,4
164,0.523041475,0.666666667,0.581395349,0.363636364,0.200478135,0.821984436,0.224489796,0.78513903,0.781328107,0.43308007,0.5,0.527290964,1,1,0,0,0,0,0,0,0,0,0,0,0,0,0,0,0,1,0,0,0,0,0,1,0,4
165,0.539170507,0.353200883,0.313953488,0.545454545,0.658084094,0.472666964,0.323529412,0.678169043,0.296759894,0.496342738,0.666666667,0.209516634,0,1,0,0,0,0,0,0,0,0,0,0,0,0,0,0,1,0,0,0,0,0,0,1,0,4
166,0.600614439,0.651949963,0.645348837,0,0.355367431,0.773416794,0.170542636,0.901134827,0.147102404,0.594226143,0.166666667,0.313189851,0,0,0,0,1,0,0,0,0,0,0,0,0,0,0,1,0,0,0,0,0,0,0,1,0,4
167,0.696620584,0.344370861,0.418604651,0.909090909,0.516454903,0.250438697,0.444444444,0.345352755,0.3751384,0.439946693,0.285714286,0.396981576,0,0,1,0,0,0,0,0,0,0,0,0,0,0,0,1,0,0,0,0,0,0,0,1,0,4
168,0.632872504,0.108903606,0.25,0.727272727,0.287975878,0.126459144,0.700980392,0.082660157,0.428069807,0.76590578,0.16,0.757093002,1,0,0,0,0,1,0,0,0,0,0,0,0,0,0,0,1,0,0,0,0,0,0,1,0,4
169,0.46390169,0.294334069,0.465116279,0.909090909,0.404617212,0.473411154,0.407407407,0.363892336,0.000357252,0.605254516,0.153846154,0.344532716,1,0,1,0,0,0,0,0,0,0,0,0,0,0,0,0,1,0,0,0,0,0,0,1,0,4
170,0.413978495,0.442236939,0.645348837,0.545454545,0.264437901,0.470214282,0.189655172,0.521323509,0.289620739,0.405582923,0.258064516,0.212820723,0,0,0,0,0,0,0,0,1,0,0,0,0,0,0,0,0,0,1,0,0,0,0,1,0,4
171,0.72734255,0.507726269,0.48255814,0.181818182,0.585590229,0.549950231,0.275,0.842283182,0.270208804,0.783637593,0.307692308,0.540895164,1,0,0,0,0,0,0,0,0,0,1,0,0,0,0,0,0,0,0,0,0,1,0,1,0,4
172,0.557603687,0.268579838,0.36627907,0.363636364,0.54393296,0.337224384,0.543209877,0.429005945,0.148798396,0.501014199,0.196078431,0.282802702,0,0,1,0,0,0,0,0,0,0,0,0,1,0,0,0,0,0,0,0,0,0,0,1,0,4
173,0.586021505,0.502575423,0.686046512,0.272727273,0.39777166,0.772066353,0.295698925,0.709559482,0.428793413,0.593653877,0.5,0.404530607,0,0,0,0,0,0,0,0,0,1,0,0,0,0,0,0,0,0,0,0,1,0,0,1,0,4
174,0.660522273,0.459896983,0.36627907,0.363636364,0.210240608,0.609597925,0.208333333,0.630912439,0.256611408,0.631562597,0.431372549,0.473278117,1,0,0,0,0,0,0,0,0,0,1,0,0,1,0,0,0,0,0,0,0,0,0,1,0,4
175,0.479262673,0.345106696,0.569767442,0.363636364,0.439228701,0.694634734,0.22,0.737770444,0.498461103,0.722369584,0.27027027,0.707109775,0,0,0,0,0,0,0,0,0,1,0,0,0,0,0,0,0,0,0,0,1,0,0,1,0,4
176,0.49078341,0.242825607,0.406976744,0.363636364,0.281606453,0.590142672,0.15942029,0.415994739,0.402754483,0.609195402,0.4,0.484411955,1,0,1,0,0,0,0,0,0,0,0,0,0,0,0,0,1,0,0,0,0,0,0,1,0,4
177,0.542242704,0.045621781,0.302325581,0.454545455,0.336418092,0.306164243,0.25,0.379643472,0.454658844,0.409482759,0.352941176,0.341223731,0,0,0,0,0,0,1,0,0,0,0,0,0,0,0,0,0,0,1,0,0,0,0,1,0,4
178,0.508448541,0.344370861,0.418604651,0.340909091,0.468343533,0.499808265,0.448779983,0.535277112,0.38588064,0.569580553,0.471397054,0.480008223,0,0,1,0,0,0,0,0,0,0,0,0,0,1,0,0,0,0,0,0,0,0,0,1,0,4
179,0.38172043,0.309786608,0.5,0.272727273,0.393720564,0.473411154,0.47311828,0.599890911,0.374785199,0.575757576,0.333333333,0.482130996,0,0,0,0,0,0,0,0,0,0,0,1,0,0,0,0,0,0,1,0,0,0,0,1,0,4
180,0.365591398,0.272994849,0.552325581,0.636363636,0.307412529,0.477383268,0.402439024,0.53272966,0.434205956,0.394636015,0.666666667,0.28601959,1,0,0,0,0,0,0,0,0,0,0,1,0,0,0,0,0,0,0,0,0,0,1,1,0,4
181,0.640552995,0.356144224,0.302325581,0.181818182,0.278720526,0.527270329,0.277777778,0.5572664,0.594492918,0.509578544,0.551724138,0.48066878,0,0,0,0,0,0,0,0,0,0,1,0,0,0,0,0,0,0,1,0,0,0,0,1,0,4
182,0.347926267,0.51214128,0.651162791,0.454545455,0.114267629,0.354840583,0.392857143,0.135056681,0.710932463,0.234567901,0.307692308,0.361928152,0,0,0,0,0,0,0,0,0,0,0,1,0,0,0,0,0,0,0,0,0,0,1,1,0,4
183,0.628264209,0.582045622,0.593023256,0.272727273,0.253716765,0.668674378,0.246794872,0.459202923,0.363883988,0.4169279,0.375,0.328491827,1,0,0,0,0,0,0,0,0,0,1,0,0,0,0,0,0,0,0,0,0,1,0,0,1,4
184,0.479262673,0.279617366,0.476744186,0.181818182,0.1939785,0.490661479,0.586666667,0.414757676,0.308852445,0.517241379,0.186046512,0.38026419,1,0,1,0,0,0,0,0,0,0,0,0,0,0,0,0,0,0,0,0,0,0,1,1,0,4
185,0.427803379,0.383370125,0.645348837,0.272727273,0.395056588,0.469598284,0.374374374,0.523220195,0.310194785,0.612968621,0.374436937,0.476802581,0,0,0,0,0,0,0,0,1,0,0,0,0,0,0,0,0,0,0,1,0,0,0,1,0,4
186,0.400921659,0.259749816,0.459302326,0.363636364,0.468017601,0.42153048,0.141025641,0.396548884,0.348281856,0.509578544,0.235294118,0.451602544,0,0,0,0,0,0,0,0,0,0,0,1,0,0,0,0,1,0,0,0,0,0,0,1,0,4
187,0.358678955,0.603384842,0.697674419,0.181818182,0.185468984,0.501152904,0.37745098,0.419393684,0.289179839,0.379940167,0.285714286,0.0635154,1,0,0,0,1,0,0,0,0,0,0,0,0,0,0,1,0,0,0,0,0,0,0,1,0,4
188,0.58218126,0.101545254,0.162790698,0.272727273,0.257978506,0.236774567,0.295698925,0.364281196,0.228896141,0.767167698,0.066666667,0.583365934,0,1,0,0,0,0,0,0,0,0,0,0,0,0,0,0,0,1,0,0,0,0,0,1,0,4
189,0.447004608,0.217071376,0.337209302,0.272727273,0.29034561,0.521643969,0.130952381,0.511700296,0.327236125,0.856763926,0.105263158,0.712015341,0,0,0,0,0,0,0,0,0,0,1,0,0,0,0,0,1,0,0,0,0,0,0,1,0,4
190,0.357142857,0.430463576,0.523255814,0.363636364,0.225298338,0.385596734,0.188034188,0.410585895,0.14614289,0.485312899,0.2,0.326813563,1,0,0,0,1,0,0,0,0,0,0,0,0,0,0,0,0,0,1,0,0,0,0,1,0,4
191,0.52688172,0.290654893,0.244186047,0.181818182,0.124975743,0.068977715,0.333333333,0.279386671,0.263556143,0.811965812,0.108108108,0.712379974,0,0,0,0,0,0,0,0,0,0,1,0,0,0,0,0,0,0,0,1,0,0,0,1,0,4
192,0.569124424,0.40397351,0.418604651,0.363636364,0.291603351,0.455252918,0.268292683,0.509561855,0.198660915,0.583568871,0.193548387,0.344552551,1,0,0,0,1,0,0,0,0,0,0,0,0,0,0,0,1,0,0,0,0,0,0,1,0,4
193,0.914746544,0.701986755,0.395348837,0.363636364,0.243864105,0.442607004,0.37745098,0.45320289,0.250499881,0.804926108,0.093023256,0.619241931,0,0,0,0,1,0,0,0,0,0,0,0,0,0,0,1,0,0,0,0,0,0,0,1,0,4
194,0.947004608,0.403237675,0.139534884,0.454545455,0.121184386,0.257782101,0.611111111,0.247490373,0.410877603,0.711897298,0.235294118,0.695897209,1,0,0,0,0,0,0,0,0,0,1,0,0,0,0,0,0,0,0,0,0,1,0,1,0,4
195,0.764976959,0.565121413,0.453488372,0.454545455,0.349295096,0.599510016,0.229166667,0.762923172,0.469819874,0.571406078,0.121212121,0.581988484,1,0,0,1,0,0,0,0,0,0,0,0,0,0,1,0,0,0,0,0,0,0,0,1,0,4
196,0.478494624,0.385577631,0.395348837,0.363636364,0.26632705,0.477734544,0.401041667,0.465861884,0.636706762,0.507338638,0.171428571,0.542589161,0,1,0,0,0,0,0,0,0,0,0,0,1,0,0,0,0,0,0,0,0,0,0,1,0,4
197,0.156682028,0.586460633,0.720930233,0.545454545,0.545660092,0.367881146,0.444444444,0.451504557,0.349854148,0.545977011,0.210526316,0.423127357,1,0,0,0,0,0,0,0,0,0,0,1,0,0,0,0,0,0,0,0,0,0,1,1,0,4
198,0.115207373,0.199411332,0.558139535,0.181818182,0.381724752,0.50934933,0.35483871,0.591300728,0.304335897,0.748768473,0.195121951,0.563455108,1,0,0,0,0,0,1,0,0,0,0,0,0,0,0,0,0,0,0,1,0,0,0,1,0,4
199,0.544546851,0.598233996,0.674418605,0.181818182,0.352767556,0.460170774,0.37745098,0.507758337,0.328101646,0.502645503,0.4,0.285946071,1,0,0,0,0,0,0,0,0,1,0,0,0,0,0,0,0,0,0,0,1,0,0,1,0,4
200,0.561443932,0.398822664,0.360465116,0.272727273,0.182262806,0.601771099,0.063218391,0.500588695,0.547005914,0.600574713,0.275862069,0.619565872,1,0,0,0,0,0,1,0,0,0,0,0,0,0,0,0,0,0,0,1,0,0,0,1,0,4
201,0.50921659,0.698307579,0.802325581,0.363636364,0.282942408,0.584446314,0.119565217,0.66347685,0.376715435,0.321630094,0.4,0.166812395,0,0,0,0,0,0,0,0,0,1,0,0,0,0,0,0,0,0,0,0,1,0,0,1,0,4
202,0.552227343,0.349521707,0.447674419,0.363636364,0.633879436,0.403853395,0.427777778,0.52426694,0.219858083,0.718474096,0.1875,0.577766959,0,0,0,0,0,0,0,0,0,1,0,0,0,0,0,0,0,0,0,0,1,0,0,1,0,4
203,0.349462366,0.426048565,0.534883721,0.272727273,0.017770172,0.385596734,0.611111111,0.277300267,0.391175961,0.53527158,0.476190476,0.424289785,1,0,0,0,0,0,0,0,1,0,0,0,0,0,0,0,0,0,1,0,0,0,0,1,0,4
204,0.569892473,0.401766004,0.308139535,0.454545455,0.179463177,0.543774319,0.278985507,0.421516276,0.519191143,0.48045977,0.774193548,0.446116169,1,0,0,0,0,0,1,0,0,0,0,0,0,0,0,0,0,0,0,1,0,0,0,1,0,4
205,0.485407066,0.454010302,0.546511628,0.272727273,0.346113463,0.448572058,0.423076923,0.505330342,0.231775869,0.524137931,0.222222222,0.434663967,0,0,1,0,0,0,0,0,0,0,0,0,0,1,0,0,0,0,0,0,0,0,0,1,0,5
206,0.401689708,0.454010302,0.662790698,0.363636364,0.458403879,0.621090479,0.402439024,0.635526213,0.602175012,0.301025163,0.705882353,0.339583343,0,0,0,0,0,1,0,0,0,0,0,0,0,0,0,0,1,0,0,0,0,0,0,1,0,5
207,0.501536098,0.408388521,0.540697674,0.363636364,0.365168752,0.290552681,0.177777778,0.407429139,0.278791964,0.650246305,0.201084689,0.588444367,0,0,0,0,0,0,0,0,1,0,0,0,0,0,0,0,0,0,0,1,0,0,0,1,0,5
208,0.62749616,0.551140545,0.639534884,0.181818182,0.392817277,0.594892311,0.183333333,0.69865552,0.24757782,0.71669095,0.157894737,0.488364775,1,0,0,0,0,0,0,0,0,1,0,0,0,0,0,0,0,0,0,0,1,0,0,1,0,5
209,0.408602151,0.239882266,0.447674419,0.454545455,0.152616761,0.546629848,0.161764706,0.403109759,0.100838352,0.757944557,0,0.439792253,1,0,0,0,0,0,0,0,1,0,0,0,0,0,0,0,0,0,0,1,0,0,0,1,0,5
210,0.491551459,0.404709345,0.511627907,0.181818182,0.475920107,0.601771099,0.081481481,0.741613758,0.01596671,0.666819923,0.089552239,0.361307372,0,0,0,0,0,0,1,0,0,0,0,0,0,0,0,0,0,0,0,0,0,0,1,1,0,5
211,0.341013825,0.515820456,0.76744186,0.454545455,0.349765595,0.460170774,0.495495495,0.495184652,0.69385522,0.569528961,0.666666667,0.481277943,0,1,0,0,0,0,0,0,0,0,0,0,1,0,0,0,0,0,0,0,0,0,0,1,0,5
212,0.656682028,0.357615894,0.447674419,0.181818182,0.369553094,0.32704951,0.203703704,0.433986913,0.14333862,0.578544061,0.212765957,0.37720255,1,0,0,0,0,0,0,0,1,0,0,0,0,1,0,0,0,0,0,0,0,0,0,1,0,5
213,0.604454685,0.478292862,0.523255814,0.636363636,0.263034282,0.565904669,0.06547619,0.579009169,0.491417054,0.493401447,0.0625,0.47256369,0,0,0,1,0,0,0,0,0,0,0,0,0,0,1,0,0,0,0,0,0,0,0,1,0,5
214,0.465437788,0.16924209,0.395348837,0.545454545,0.342678015,0.19719053,0.261904762,0.240883795,0.160657133,0.384066587,0.432432432,0.145136157,1,0,1,0,0,0,0,0,0,0,0,0,0,1,0,0,0,0,0,0,0,0,0,1,0,5
215,0.71812596,0.554083885,0.5,0.454545455,0.326250957,0.373540856,0.305555556,0.528129483,0.179395332,0.403467758,0.416666667,0.161979423,1,0,0,0,1,0,0,0,0,0,0,0,0,0,0,1,0,0,0,0,0,0,0,1,0,5
216,0.658218126,0.61736571,0.534883721,0.272727273,0.239654142,0.573281453,0.333333333,0.528673865,0.428170113,0.459598559,0.564102564,0.347039604,0,0,0,0,0,0,0,0,0,0,1,0,0,0,0,0,0,0,0,0,0,1,0,1,0,5
217,0.625192012,0.837380427,0.73255814,0.181818182,0.13012094,0.659120387,0.305555556,0.567591858,0.251673244,0.543991641,0.2,0.348037724,0,0,0,0,1,0,0,0,0,0,0,0,0,0,0,1,0,0,0,0,0,0,0,1,0,5
218,0.490015361,0.718910964,0.668604651,0.727272727,0.340352417,0.388861868,0.162962963,0.401982471,0.493568419,0.666819923,0.25,0.684902415,0,0,0,1,0,0,0,0,0,0,0,0,0,0,1,0,0,0,0,0,0,0,0,1,0,5
219,0.681259601,0.551140545,0.534883721,0.272727273,0.353171684,0.42153048,0.458333333,0.44370253,0.383421268,0.258098224,0.444444444,0.233134906,1,0,0,0,1,0,0,0,0,0,0,0,0,0,0,1,0,0,0,0,0,0,0,1,0,5
220,0.73655914,0.532744665,0.488372093,0.272727273,0.291791944,0.482490272,0.305555556,0.338508215,0.184178702,0.717569787,0.387096774,0.458938442,0,0,0,0,0,0,0,0,0,1,0,0,0,0,0,0,0,0,0,0,1,0,0,1,0,5
221,0.302611367,0.36276674,0.651162791,0.454545455,0.325384014,0.643792006,0.141025641,0.718840466,0.305776915,0.622818221,0.166666667,0.490048664,1,0,0,0,0,0,0,1,0,0,0,0,0,0,0,0,0,0,1,0,0,0,0,1,0,5
222,0.342549923,0,0.377906977,0.272727273,0.1045212,0.416973394,0.176282051,0.42919967,0.266048907,0.642868706,0.266666667,0.489912182,1,0,0,0,0,0,0,1,0,0,0,0,0,0,0,0,0,1,0,0,0,0,0,1,0,5
223,0.219662058,0.484179544,0.720930233,0.409090909,0.462092182,0.620659944,0.38305153,0.763587571,0.365505271,0.418953788,0.198461538,0.327231569,0,0,1,0,0,0,0,0,0,0,0,0,0,1,0,0,0,0,0,0,0,0,0,0,1,5
224,0.39093702,0.428991906,0.575581395,0.272727273,0.617414056,0.295071336,0.698412698,0.390790179,0.424374012,0.496342738,0.444444444,0.304848607,0,0,0,0,0,0,0,1,0,0,0,0,0,0,0,0,0,0,1,0,0,0,0,1,0,5
225,0.055299539,0.206769684,0.720930233,0.090909091,0.431346427,0.704069829,0.203703704,0.475250858,0.506436891,0.48877942,0.3,0.19442693,1,0,0,0,0,0,0,1,0,0,0,0,0,0,0,0,0,0,1,0,0,0,0,1,0,5
226,0.320276498,0.293598234,0.465116279,0.454545455,0.401122336,0.576969844,0.339506173,0.580421576,0.389999953,0.66477201,0.214285714,0.685758276,1,0,0,0,0,0,0,1,0,0,0,0,0,0,0,0,0,0,1,0,0,0,0,1,0,5
227,0.515360983,0.378219279,0.5,0.363636364,0.138680926,0.455252918,0.222222222,0.435725615,0.628970175,0.499606361,0.117647059,0.671719127,0,1,0,0,0,0,0,0,0,0,0,0,1,0,0,0,0,0,0,0,0,0,0,1,0,5
228,0.085253456,0.473142016,0.88372093,0.272727273,0.04053068,0.500455336,0.557971014,0.263717116,0.247186416,0.381369017,0.44,0.274826467,1,0,0,0,0,0,1,0,0,0,0,0,0,0,0,0,0,0,0,1,0,0,0,1,0,5
229,0.713517665,0.353936718,0.313953488,0.545454545,0.550106822,0.189688716,0.987179487,0.236186417,0.154486089,0.513513514,0.333333333,0.286148442,1,0,0,0,1,0,0,0,0,0,0,0,0,0,0,1,0,0,0,0,0,0,0,1,0,5
230,0.562211982,0.539367182,0.523255814,0.272727273,0.287866329,0.486962077,0.25,0.513942542,0.448281441,0.503754789,0.294117647,0.489519962,0,0,0,0,1,0,0,0,0,0,0,0,0,0,0,1,0,0,0,0,0,0,0,1,0,5
231,0.595238095,0.964679912,0.808139535,0.636363636,0.790838379,0.549306907,0.447154472,0.809034602,0.234822442,0.484721054,0.553191489,0.316689277,1,0,0,0,0,0,0,0,0,0,1,0,0,0,0,0,0,0,0,0,0,1,0,1,0,5
232,0.529185868,0.582781457,0.540697674,0.272727273,0.345197248,0.538567178,0.507092199,0.630748772,0.323097596,0.570634038,0.461538462,0.40252648,0,1,0,0,0,0,0,0,0,0,0,0,1,0,0,0,0,0,0,0,0,0,0,1,0,5
233,0.354070661,0.674025018,0.651162791,0.181818182,0.287645405,0.450713359,0.073333333,0.521583292,0.221964653,0.456635319,0.275862069,0.300754767,0,0,0,1,0,0,0,0,0,0,0,0,0,0,1,0,0,0,0,0,0,0,0,1,0,5
234,0.66359447,0.685062546,0.581395349,0.272727273,0.180915695,0.609000614,0.358695652,0.523905427,0.301547273,0.580295567,0.296296296,0.394795457,1,0,0,1,0,0,0,0,0,0,0,0,0,0,1,0,0,0,0,0,0,0,0,1,0,5
235,0.449308756,0.434142752,0.534883721,0.454545455,0.663915922,0.227626459,0.436507937,0.384566458,0.460860997,0.55240027,0.622222222,0.544606102,0,0,0,0,0,0,0,1,0,0,0,0,0,0,0,0,0,0,1,0,0,0,0,1,0,5
236,0.294930876,0.40544518,0.645348837,0.545454545,0.352780605,0.496108949,0.196428571,0.408203815,0.321003688,0.580295567,0.127659574,0.430786873,1,0,0,0,0,1,0,0,0,0,0,0,0,0,0,0,1,0,0,0,0,0,0,1,0,5
237,0.559907834,0.613686534,0.563953488,0.363636364,0.359439438,0.607003891,0.211538462,0.384036036,0.361170336,0.629479378,0.25,0.582798681,1,0,0,0,0,0,0,0,0,0,1,0,0,0,0,0,0,0,0,0,0,1,0,1,0,5
238,0.583717358,0.42384106,0.709302326,0.363636364,0.51488371,0.422639771,0.314285714,0.474384102,0.206931538,0.382183908,0.206896552,0.203238937,1,0,0,0,0,0,0,0,0,0,0,1,0,0,0,0,0,0,0,0,0,0,1,1,0,5
239,0.578341014,0.487122884,0.563953488,0.363636364,0.567369438,0.298526504,0.55,0.44485459,0.575058574,0.514275121,0.476190476,0.416178384,1,0,0,0,0,0,0,0,0,1,0,0,0,0,0,0,0,0,0,0,1,0,0,1,0,5
240,0.167434716,0.329654157,0.651162791,0,0.481287656,0.569066148,0.31300813,0.714301898,0.625701219,0.507338638,0.173913043,0.289933321,1,0,0,0,0,1,0,0,0,0,0,0,0,0,0,0,1,0,0,0,0,0,0,1,0,5
241,0.364823349,0.51214128,0.651162791,0.454545455,0.605124935,0.410992218,0.114583333,0.624581485,0.383288554,0.4169279,0.285714286,0.407061105,0,0,0,0,0,0,0,0,0,0,0,1,0,0,0,0,0,1,0,0,0,0,0,1,0,5
242,0.605222734,0.385577631,0.494186047,0.363636364,0.383911545,0.523159746,0.126436782,0.695899963,0.479479766,0.627873563,0.357142857,0.58452663,0,0,0,0,0,0,0,0,0,0,0,1,0,0,0,0,0,0,0,0,0,0,1,1,0,5
243,0.471582181,0.682119205,0.726744186,0.363636364,0.563017783,0.347226802,0.252873563,0.560966127,0.369046199,0.305747126,0.25,0.039316517,0,0,1,0,0,0,0,0,0,0,0,0,0,1,0,0,0,0,0,0,0,0,0,1,0,5
244,0.274961598,0.177336277,0.529069767,0.272727273,0.335496611,0.402795792,0.366666667,0.535391537,0.450227446,0.5235396,0.8,0.465517735,0,0,0,0,0,0,0,0,0,0,0,1,0,0,0,0,0,0,0,0,0,0,1,1,0,5
245,0.515360983,0.565857248,0.703488372,0.454545455,0.248234277,0.416973394,0.366666667,0.401183532,0.474919153,0.455500821,0.620689655,0.315329334,1,0,0,0,0,0,0,0,0,0,1,0,0,0,0,0,0,0,0,0,0,1,0,1,0,5
246,0.734254992,0.366445916,0.546511628,0.272727273,0.310944826,0.63229572,0.122222222,0.626015118,0.384419889,0.509578544,0.416666667,0.417452639,1,0,0,0,0,1,0,0,0,0,0,0,0,0,0,0,0,0,0,0,0,0,1,1,0,5
247,0.401689708,0.89477557,0.965116279,0.272727273,0.301776611,0.597806862,0.515625,0.701036934,0.612464792,0.276078942,0.526315789,0.238438142,0,0,0,0,0,0,0,0,0,0,1,0,0,0,0,0,0,0,0,0,0,1,0,1,0,5
248,0.707373272,0.577630611,0.534883721,0.272727273,0.374446775,0.397974365,0.323529412,0.467972723,0.299825627,0.449628127,0.631578947,0.358285602,1,1,0,0,0,0,0,0,0,0,0,0,1,0,0,0,0,0,0,0,0,0,0,1,0,5
249,0.286482335,0.44665195,0.587209302,0,0.457580351,0.399344665,0.572916667,0.397825512,0.193698198,0.758815508,0.117647059,0.469745901,1,1,0,0,0,0,0,0,0,0,0,0,1,0,0,0,0,0,0,0,0,0,0,1,0,5
250,0.248079877,0.501839588,0.73255814,0.272727273,0.342406176,0.604632782,0.247747748,0.507565502,0.188369185,0.53527158,0.322580645,0.352162093,1,0,0,0,0,1,0,0,0,0,0,0,0,0,0,0,1,0,0,0,0,0,0,1,0,5
251,0.487711214,0.33995585,0.534883721,0.636363636,0.338831174,0.337224384,0.385964912,0.343394884,0.286081399,0.550344828,0.255319149,0.337467488,1,0,0,0,1,0,0,0,0,0,0,0,0,0,0,1,0,0,0,0,0,0,0,1,0,5
252,0.655913978,0.455481972,0.523255814,0.090909091,0.322013002,0.473411154,0.135802469,0.51942263,0.20202102,0.90687707,0.068965517,0.628508817,1,0,0,1,0,0,0,0,0,0,0,0,0,0,1,0,0,0,0,0,0,0,0,1,0,5
253,0.397081413,0.409124356,0.639534884,0.454545455,0.365163193,0.526070039,0.297297297,0.656167976,0.55867346,0.276078942,0.428571429,0.202831281,1,0,0,0,0,0,0,0,1,0,0,0,0,0,0,0,0,0,0,1,0,0,0,1,0,5
254,0.619815668,0.265636497,0.360465116,0.454545455,0.544002622,0.278210117,0.611111111,0.407072367,0.303039356,0.593653877,0.230769231,0.432113405,0,1,0,0,0,0,0,0,0,0,0,0,1,0,0,0,0,0,0,0,0,0,0,1,0,5
255,0.157450077,0.011773363,0.424418605,0.090909091,0.385491377,0.518074558,0.282051282,0.62013214,0.243159642,0.293697979,0.322580645,0.210130646,0,0,0,0,0,0,1,0,0,0,0,0,0,0,0,0,1,0,0,0,0,0,0,1,0,5
256,0.331029186,0.231788079,0.401162791,0.181818182,0.462337421,0.555320589,0,0.601211768,0.424782914,0.720363699,0.6,0.613570533,0,0,0,0,0,0,0,0,0,1,0,0,0,0,0,0,0,0,0,0,1,0,0,1,0,5
257,0.612903226,0.480500368,0.325581395,0.090909091,0.270455194,0.675830835,0.381944444,0.534375309,0.286843565,0.772516727,0.206896552,0.565698938,1,0,0,0,0,0,0,0,0,1,0,0,0,0,0,0,0,0,0,0,1,0,0,1,0,5
258,0.521505376,0.337748344,0.406976744,0.454545455,0.353947792,0.414199515,0.488888889,0.49150753,0.331395539,0.606641124,0.222222222,0.471136856,0,0,0,0,0,0,0,0,0,1,0,0,0,0,0,0,0,0,0,0,1,0,0,1,0,5
259,0.560675883,0.55481972,0.575581395,0.545454545,0.281766981,0.514978201,0.488888889,0.451246368,0.298561447,0.667476121,0.256410256,0.496223307,1,0,1,0,0,0,0,0,0,0,0,0,0,1,0,0,0,0,0,0,0,0,0,1,0,5
260,0.338709677,0.487122884,0.645348837,0.545454545,0.35730205,0.310399717,0.458333333,0.404851544,0.264054188,0.398242055,0.457142857,0.193264832,1,0,0,0,1,0,0,0,0,0,0,0,0,0,0,1,0,0,0,0,0,0,0,1,0,6
261,0.474654378,0.470934511,0.593023256,0.363636364,0.332569624,0.643224288,0.583333333,0.656455539,0.230102963,0.560733147,0.594594595,0.368054712,1,0,1,0,0,0,0,0,0,0,0,0,0,1,0,0,0,0,0,0,0,0,0,1,0,6
262,0.444700461,0.273730684,0.569767442,0.454545455,0.283878473,0.370010088,0.295698925,0.365521581,0.442360321,0.335576114,0.526315789,0.065566024,0,0,0,0,0,0,0,0,1,0,0,0,0,0,0,0,0,0,0,1,0,0,0,1,0,6
263,0.44546851,0.404709345,0.534883721,0.272727273,0.424365455,0.281550547,0.398550725,0.371941182,0.302966408,0.696770662,0.125,0.529027159,0,0,0,0,0,0,0,0,1,0,0,0,0,0,0,0,0,0,0,1,0,0,0,1,0,6
264,0.397849462,0.51066961,0.593023256,0.454545455,0.340970234,0.515820193,0.239130435,0.633126378,0.443624132,0.444312327,0.666666667,0.248444553,1,1,0,0,0,0,0,0,0,0,0,0,1,0,0,0,0,0,0,0,0,0,0,1,0,6
265,0.523041475,0.418690213,0.488372093,0.181818182,0.480833536,0.460170774,0.048245614,0.486532935,0.669707052,0.313343328,0.375,0.356634313,0,0,0,0,0,0,0,0,0,0,1,0,0,0,0,0,0,0,0,0,0,1,0,1,0,6
266,0.580645161,0.703458425,0.639534884,0.363636364,0.337703078,0.597806862,0.261904762,0.750197374,0.345186061,0.499606361,0.434782609,0.279679894,0,0,0,0,0,0,0,0,0,0,1,0,0,0,0,0,0,0,0,0,0,1,0,1,0,6
267,0.598310292,0.576894776,0.511627907,0.363636364,0.479633503,0.513386376,0.305555556,0.524683131,0.18962625,0.783010934,0.055555556,0.635250833,0,0,0,0,0,0,0,0,0,0,1,0,0,0,0,0,0,0,0,0,0,1,0,1,0,6
268,0.582949309,0.582781457,0.575581395,0.545454545,0.326085975,0.547412185,0.458333333,0.532979506,0.370811465,0.474913337,0.272727273,0.44017601,1,0,0,0,1,0,0,0,0,0,0,0,0,0,0,1,0,0,0,0,0,0,0,1,0,6
269,0.639784946,0.651214128,0.697674419,0.454545455,0.434183679,0.621367152,0.22,0.846246341,0.225245235,0.255406195,0.41025641,0.092977645,0,0,0,1,0,0,0,0,0,0,0,0,0,0,1,0,0,0,0,0,0,0,0,0,1,6
270,0.334101382,0.838116262,0.88372093,0.363636364,0.14657034,0.702181036,0.458333333,0.58610158,0.256341409,0.372187146,0.588235294,0.176550092,0,0,0,0,1,0,0,0,0,0,0,0,0,0,0,1,0,0,0,0,0,0,0,1,0,6
271,0.360215054,0.575423105,0.691860465,0.545454545,0.360466898,0.659958658,0.23655914,0.664611366,0.448455487,0.582375479,0.222222222,0.562102221,1,0,0,1,0,0,0,0,0,0,0,0,0,0,1,0,0,0,0,0,0,0,0,1,0,6
272,0.19969278,0.388520971,0.63372093,0.454545455,0.41059997,0.531128405,0.256666667,0.636127973,0.232840113,0.407445531,0.086956522,0.175014865,0,0,0,0,0,0,0,1,0,0,0,0,0,0,0,0,0,0,1,0,0,0,0,1,0,6
273,0.367127496,0.328182487,0.558139535,0.545454545,0.175431774,0.867148416,0.27672956,0.831081746,0.247891649,0.389305347,0.105263158,0.293258284,0,0,0,0,0,0,0,1,0,0,0,0,0,0,0,0,0,0,1,0,0,0,0,1,0,6
274,0.451612903,0.389256806,0.581395349,0.477272727,0.414389298,0.543717094,0.354282682,0.553839703,0.312681158,0.525697865,0.377058319,0.428820548,0,0,0,0,0,0,0,0,0,0,0,1,0,0,0,0,0,0,0,0,0,0,1,1,0,6
275,0.289554531,0.068432671,0.494186047,0.181818182,0.309031772,0.710732404,0.513333333,0.621535963,0.505954896,0.823754789,0.666666667,0.660355881,1,0,0,0,0,0,0,1,0,0,0,0,0,0,0,0,0,0,1,0,0,0,0,1,0,6
276,0.698156682,0.215599706,0.296511628,0.181818182,0.328130384,0.618244704,0.041666667,0.713631671,0.244157756,0.77164751,0.114285714,0.445843026,1,0,1,0,0,0,0,0,0,0,0,0,0,1,0,0,0,0,0,0,0,0,0,1,0,6
277,0.585253456,0.331861663,0.441860465,0.727272727,0.257129601,0.440898097,0.271604938,0.465125639,0.570971883,0.470616804,0.619047619,0.432366381,0,1,0,0,0,0,0,0,0,0,0,0,1,0,0,0,0,0,0,0,0,0,0,1,0,6
278,0.365591398,0.465047829,0.662790698,0.545454545,0.391108791,0.561478599,0.488888889,0.534480654,0.244500121,0.620229885,0.208955224,0.538446644,1,0,1,0,0,0,0,0,0,0,0,0,0,1,0,0,0,0,0,0,0,0,0,1,0,6
279,0.467741935,0.48933039,0.575581395,0.272727273,0.295734184,0.512672205,0.25,0.475338432,0.356071843,0.549285963,0.615384615,0.392573577,1,0,1,0,0,0,0,0,0,0,0,0,0,1,0,0,0,0,0,0,0,0,0,1,0,6
280,0.368663594,0.601913171,0.726744186,0.181818182,0.304368821,0.804053662,0.148648649,0.822964267,0.142640772,0.449628127,0.074074074,0.237463805,1,0,0,0,1,0,0,0,0,0,0,0,0,0,0,1,0,0,0,0,0,0,0,1,0,6
281,0.898617512,0.503311258,0.284883721,0.545454545,0.513583677,0.261076942,0.381944444,0.479363791,0.302564615,0.667476121,0.263157895,0.513205225,0,0,0,0,0,0,0,0,0,0,1,0,0,0,0,0,0,0,0,0,0,1,0,1,0,6
282,0,0.520971302,0.872093023,0.727272727,0.492934179,0.516833023,0.448148148,0.449931337,0.326176516,0.289864159,0.4,0.272193458,1,0,0,0,0,0,1,0,0,0,0,0,0,0,0,0,0,1,0,0,0,0,0,1,0,6
283,0.358678955,0.476821192,0.686046512,0.181818182,0.44126659,0.585705509,0.323529412,0.643870153,0.235818739,0.606095828,0.263157895,0.289496731,1,0,0,0,0,0,0,1,0,0,0,0,0,0,0,0,0,0,1,0,0,0,0,1,0,6
284,0.632872504,0.744665195,0.645348837,0.181818182,0.266303757,0.702181036,0.229166667,0.617378556,0.421442564,0.755417373,0.388888889,0.516002741,0,0,0,0,0,0,0,0,0,1,0,0,0,0,0,0,0,0,0,0,1,0,0,1,0,6
285,0.718894009,0.474613687,0.476744186,0.545454545,0.448081418,0.479085603,0.099099099,0.772114007,0.340117189,0.501014199,0.108108108,0.423773994,1,0,0,1,0,0,0,0,0,0,0,0,0,0,1,0,0,0,0,0,0,0,0,1,0,6
286,0.502304147,0.375275938,0.494186047,0.272727273,0.330068257,0.4683672,0.104761905,0.423318159,0.451032629,0.695490716,0.052631579,0.689563718,,0,0,0,0,1,0,0,0,0,0,0,0,0,0,0,1,0,0,0,0,0,0,1,0,
287,0.404761905,0.309050773,0.523255814,0.636363636,0,0.444523052,0.24122807,0.307921544,0.319209866,0.35209946,0.307692308,0.104815261,0,0,0,0,0,0,0,1,0,0,0,0,0,0,0,0,0,0,1,0,0,0,0,1,0,6
288,0.473886329,0.545989698,0.76744186,0.272727273,0.339026416,0.601771099,0.171875,0.688947494,0.416618142,0.655172414,0.258064516,0.576703423,1,0,0,0,0,0,0,0,0,1,0,0,0,0,0,0,0,0,0,0,1,0,0,1,0,6
289,0.531490015,0.938925681,0.924418605,0.363636364,0.440492407,0.727994531,0.122222222,0.844883603,0.44819466,0.291187739,0.470588235,0.216346808,0,0,0,0,1,0,0,0,0,0,0,0,0,0,0,1,0,0,0,0,0,0,0,1,0,6
290,0.301075269,0.33995585,0.651162791,0.272727273,0.221558705,0.369123988,0.061111111,0.349470921,0.150853455,0.558109834,0.222222222,0.362265702,1,1,0,0,0,0,0,0,0,0,0,0,1,0,0,0,0,0,0,0,0,0,0,1,0,6
291,0.495391705,0.550404709,0.563953488,0.272727273,0.369898529,0.569956705,0.289473684,0.554992581,0.231512167,0.720689655,0.636363636,0.483033099,0,1,0,0,0,0,0,0,0,0,0,0,1,0,0,0,0,0,0,0,0,0,0,1,0,6
292,0.360983103,0.641648271,0.808139535,0.181818182,0.582066959,0.845968067,0.067901235,0.938425238,0.269207673,0.503754789,0.105263158,0.458241445,1,0,0,0,0,0,0,0,0,0,1,0,0,0,0,0,0,0,0,0,0,1,0,1,0,6
293,0.483870968,0.673289183,0.534883721,0.181818182,0.471049695,0.523159746,0.152777778,0.728783904,0.251781192,0.655172414,0.279069767,0.544525631,0,0,0,0,0,1,0,0,0,0,0,0,0,0,0,0,1,0,0,0,0,0,0,1,0,6
294,0.403993856,0.636497425,0.744186047,0.181818182,0.28511412,0.524997052,0.203703704,0.595645925,0.367964204,0.62605364,0.540540541,0.463429737,0,0,0,0,0,0,0,0,1,0,0,0,0,0,0,0,0,0,0,1,0,0,0,1,0,6
295,0.229646697,0.325974982,0.593023256,0.454545455,0.48009548,0.451229218,0.148648649,0.497200885,0.415360161,0.561576355,0.482758621,0.452765067,0,0,0,0,0,1,0,0,0,0,0,0,0,0,0,0,1,0,0,0,0,0,0,1,0,6
296,0.23655914,0.36276674,0.645348837,0.454545455,0.540124297,0.30771725,0.517094017,0.44989298,0.186213232,0.421401975,0.285714286,0.242932306,1,0,0,0,0,0,0,0,1,0,0,0,0,0,0,0,0,0,0,1,0,0,0,1,0,6
297,0.042242704,0.114054452,0.674418605,0.272727273,0.515632635,0.493981031,0.223577236,0.682172914,0.445457078,0.409482759,0.333333333,0.316839687,1,0,0,0,0,1,0,0,0,0,0,0,0,0,0,0,0,1,0,0,0,0,0,1,0,6
298,0.241167435,0.55481972,0.837209302,0.363636364,0.422768637,0.404669261,0.203703704,0.418917463,0.180392803,0.612210288,0.4,0.368236973,0,0,0,0,0,0,0,0,0,0,0,1,0,0,0,0,0,0,0,0,0,0,1,1,0,6
299,0.413978495,0.295069904,0.529069767,0.454545455,0.255374311,0.337224384,0.458333333,0.282595832,0.302411967,0.444312327,0.387096774,0.280842052,0,0,0,0,0,0,0,0,0,0,0,1,0,0,0,0,0,0,0,0,0,0,1,1,0,6
300,0.686635945,0.593083149,0.622093023,0.272727273,0.194986508,0.523585228,0.366666667,0.470097882,0.132234002,0.354437535,0.454545455,0.18347444,1,0,0,1,0,0,0,0,0,0,0,0,0,0,1,0,0,0,0,0,0,0,0,1,0,6
301,0.628264209,0.608535688,0.569767442,0.454545455,0.411877059,0.252918288,0.152777778,0.382590907,0.009102424,0.584342964,0.173913043,0.303842915,1,0,0,0,1,0,0,0,0,0,0,0,0,0,0,1,0,0,0,0,0,0,0,1,0,6
302,0.346390169,0.693156733,0.854651163,0.545454545,0.288561583,0.533938608,0.244444444,0.572863027,0.374864383,0.218390805,0.615384615,0.10524535,0,1,0,0,0,0,0,0,0,0,0,0,1,0,0,0,0,0,0,0,0,0,0,1,0,6
303,0.632872504,0.484915379,0.558139535,0.363636364,0.503304591,0.414620144,0.4125,0.478541769,0.269520164,0.486095662,0.137931034,0.362240524,0,0,0,0,0,0,0,0,0,0,1,0,0,0,0,0,0,0,0,0,0,1,0,1,0,6
304,0.629800307,0.588668138,0.465116279,0.363636364,0.291206032,0.530713785,0.305555556,0.475278449,0.255942817,0.515908712,0.41025641,0.397960123,0,0,0,0,0,0,0,0,0,1,0,0,0,0,0,0,0,0,0,0,1,0,0,1,0,6
305,0.692780338,0.560706402,0.569767442,0.181818182,0.438648247,0.478345458,0.271604938,0.504300311,0.298995497,0.619272556,0.222222222,0.469261049,0,0,0,0,0,0,1,0,0,0,0,0,0,0,0,0,0,1,0,0,0,0,0,0,1,6
306,0.607526882,0.442972774,0.424418605,0.272727273,0.365313525,0.426149992,0.074829932,0.496852066,0.161659995,0.807699325,0.1,0.551901833,1,1,0,0,0,0,0,0,0,0,0,0,0,0,0,0,0,1,0,0,0,0,0,1,0,6
307,1,0.576894776,0.331395349,0.636363636,0.421635338,0.312635106,0.416666667,0.441157525,0.366450227,0.490588039,0.304347826,0.309519436,1,0,0,0,0,0,0,0,0,0,1,0,0,0,0,0,0,0,0,0,0,1,0,1,0,6
308,0.586789555,0.507726269,0.569767442,0.363636364,0.664223082,0.410992218,0.211538462,0.564992243,0.048498926,0.505418719,0.177777778,0.241741513,1,1,0,0,0,0,0,0,0,0,0,0,1,0,0,0,0,0,0,0,0,0,0,1,0,6
309,0.155145929,0.586460633,0.755813953,0.181818182,0.491856979,0.600680934,0.327380952,0.763451812,0.417468084,0.589981129,0.424242424,0.433935025,0,0,0,0,0,0,0,0,0,0,0,1,0,0,0,0,0,0,0,0,0,0,1,1,0,6
310,0.36328725,0.523178808,0.76744186,0.363636364,0.246027297,0.885214008,0.134146341,0.891508368,0.37882652,0.469871125,0.272727273,0.350868196,0,0,0,0,0,0,0,0,0,1,0,0,0,0,0,0,0,0,0,0,1,0,0,1,0,6
311,0.533026114,0.451066961,0.488372093,0.272727273,0.155752065,0.449147994,0.111111111,0.477363917,0.298423312,0.530377668,0.274509804,0.515540518,1,0,0,0,0,0,0,0,1,0,0,0,0,0,0,0,0,0,0,1,0,0,0,1,0,6
312,0.384024578,0.158940397,0.337209302,0.181818182,0.411125084,0.487442519,0.239130435,0.502204882,0.281012491,0.505418719,0.6875,0.422880524,0,0,0,0,0,0,0,0,1,0,0,0,0,0,0,0,0,0,0,1,0,0,0,1,0,6
313,0.327956989,0.504047093,0.662790698,0.363636364,0.454077622,0.491174646,0.25462963,0.647640571,0.329541875,0.469003203,0.307692308,0.351582368,1,0,0,0,0,0,0,0,0,1,0,0,0,0,0,0,0,0,0,0,1,0,0,1,0,6
314,0.5,0.557027226,0.488372093,0.363636364,0.649446612,0.272677529,0.401041667,0.467246902,0,0.668611848,0.256410256,0.255453085,0,0,0,0,0,0,0,0,0,0,0,1,0,0,0,0,0,0,0,0,0,0,1,1,0,6
315,0.451612903,0.632082414,0.645348837,0.454545455,0.555661109,0.696441662,0.229166667,0.702040164,0.26171155,0.701149425,0.378378378,0.541968128,1,0,0,1,0,0,0,0,0,0,0,0,0,0,1,0,0,0,0,0,0,0,0,1,0,6
316,0.602150538,0.160412068,0.337209302,0.272727273,0.470431834,0.320600647,0.475308642,0.409815331,0.536322917,0.895718807,0.35,0.916743389,0,0,1,0,0,0,0,0,0,0,0,0,0,1,0,0,0,0,0,0,0,0,0,1,0,7
317,0.52688172,0.439293598,0.465116279,0.272727273,0.474757761,0.505836576,0.22,0.780001001,1,0.436781609,0.761904762,0.522220555,1,0,1,0,0,0,0,0,0,0,0,0,0,1,0,0,0,0,0,0,0,0,0,1,0,7
318,0.008448541,0.477557027,1,0.545454545,0.247448997,0.656884998,0.222222222,0.655155227,0.282995677,0.387279693,0.125,0.184390922,1,0,0,0,0,1,0,0,0,0,0,0,0,0,0,0,1,0,0,0,0,0,0,1,0,7
319,0.0453149,0.392935982,0.75,0.272727273,0.339292787,0.55015424,0.38994709,0.443031671,0.341076435,0.50615951,0.358333333,0.211124396,0,0,0,0,0,0,0,1,0,0,0,0,0,0,0,0,0,0,1,0,0,0,0,1,0,7
320,0.533026114,0.362030905,0.488372093,0.454545455,0.590356859,0.509727626,0.419047619,0.678839915,0.200023617,0.796606459,0.4,0.709677975,1,0,0,1,0,0,0,0,0,0,0,0,0,0,1,0,0,0,0,0,0,0,0,1,0,7
321,0.629032258,0.669610007,0.662790698,0.181818182,0.492550722,0.351618108,0.083333333,0.364150603,0.272015228,0.562677485,0.075471698,0.606758969,1,0,0,0,1,0,0,0,0,0,0,0,0,0,0,1,0,0,0,0,0,0,0,1,0,7
322,0.156682028,0.424576895,0.691860465,0.272727273,0.472203142,0.101167315,0.11827957,0.326662678,0.075112767,0.593653877,0.307692308,0.316495508,0,0,0,0,0,0,0,1,0,0,0,0,0,0,0,0,0,0,1,0,0,0,0,1,0,7
323,0.580645161,0.350993377,0.476744186,0.090909091,0.541159761,0.964250973,0.126436782,0.93941048,0.541516489,0.476489028,0.153846154,0.554827064,1,0,0,0,0,0,0,0,0,0,0,1,0,0,0,0,0,0,0,0,0,0,1,1,0,7
324,0.853302611,0.684326711,0.529069767,0.090909091,0.551790018,0.302510109,0.275,0.435596008,0.282543526,0.754692274,0.296296296,0.54703325,1,0,0,0,1,0,0,0,0,0,0,0,0,0,0,1,0,0,0,0,0,0,0,1,0,7
325,0.775729647,0.663723326,0.430232558,0.181818182,0.56192482,0.42153048,0.282051282,0.61338129,0.143361611,0.66783275,0.325581395,0.407099047,0,0,0,1,0,0,0,0,0,0,0,0,0,0,1,0,0,0,0,0,0,0,0,1,0,7
326,0.674347158,0.481972038,0.430232558,0.363636364,0.709065487,0.40077821,0.244444444,0.653115578,0.26738886,0.714733542,0.235294118,0.571828409,1,0,0,0,0,0,0,0,0,0,1,0,0,0,0,0,0,0,0,0,0,1,0,1,0,7
327,0.331029186,0.485651214,0.709302326,0.272727273,0.516818143,0.493981031,0.55,0.673180876,0.403992068,0.20332937,0.363636364,0.204461806,0,1,0,0,0,0,0,0,0,0,0,0,1,0,0,0,0,0,0,0,0,0,0,1,0,7
328,0.015360983,0.429727741,0.808139535,0.363636364,0.542860459,0.476081483,0.594594595,0.633723159,0.263799608,0.280788177,0.594594595,0.125822831,0,0,0,0,0,0,1,0,0,0,0,0,0,0,0,0,0,0,1,0,0,0,0,1,0,7
329,0.317204301,0.146431199,0.5,0.454545455,0.364925527,0.489519267,0.152777778,0.612809579,0.14502088,0.51497091,0.095238095,0.330871892,1,0,0,0,0,0,0,1,0,0,0,0,0,0,0,0,0,1,0,0,0,0,0,1,0,7
330,0.198924731,0.462840324,0.784883721,0.545454545,0.30917286,0.337224384,0.733333333,0.263899909,0.249217397,0.496342738,0.424242424,0.303879878,0,0,0,0,0,0,0,0,0,1,0,0,0,0,0,0,0,0,0,0,1,0,0,1,0,7
331,0.319508449,0.302428256,0.587209302,0.454545455,0.350952221,0.476081483,0.166666667,0.531107749,0.275499491,0.583568871,0.296296296,0.346438199,0,0,0,0,0,0,0,1,0,0,0,0,0,0,0,0,0,0,1,0,0,0,0,1,0,7
332,0.582949309,0.696835909,0.552325581,0.818181818,0.405553084,0.413866289,0.423076923,0.529084601,0.286884701,0.539398975,0.380952381,0.45067516,1,0,0,1,0,0,0,0,0,0,0,0,0,0,1,0,0,0,0,0,0,0,0,1,0,7
333,0.5,0.571743929,0.575581395,0.090909091,0.178825146,0.417698385,0.37745098,0.429521278,0.310174716,0.702821317,0.666666667,0.428171316,0,1,0,0,0,0,0,0,0,0,0,0,1,0,0,0,0,0,0,0,0,0,0,1,0,7
334,0.511520737,0.323767476,0.523255814,0.454545455,0.23907801,0.558527886,0.366666667,0.555939638,0.371290607,0.718474096,0.170212766,0.611449274,0,0,0,0,0,0,0,1,0,0,0,0,0,0,0,0,0,0,1,0,0,0,0,1,0,7
335,0.379416283,0.330389993,0.569767442,0.363636364,0.396918995,0.460963976,0.166666667,0.647320767,0.659633689,0.209476894,0.363636364,0.158265326,1,0,0,0,0,0,0,1,0,0,0,0,0,0,0,0,0,0,1,0,0,0,0,1,0,7
336,0.341013825,0.669610007,0.697674419,0.545454545,0.262995274,0.589114549,0.388888889,0.517974417,0.201061188,0.284207211,0.56,0.058845369,1,0,0,0,0,1,0,0,0,0,0,0,0,0,0,0,1,0,0,0,0,0,0,1,0,7
337,0.431643625,0.286239882,0.418604651,0.363636364,0.335333129,0.347226802,0.458333333,0.423589056,0.324338735,0.486095662,0.322580645,0.333980153,0,0,0,0,0,0,0,0,0,0,0,1,0,0,0,0,0,0,0,0,0,0,1,1,0,7
338,0.920890937,0.34142752,0.174418605,0.272727273,0.348673479,0.208932499,0.25,0.330604864,0.257987912,0.798923323,0.277777778,0.678298582,0,0,0,0,0,0,0,0,0,0,1,0,0,0,0,0,0,0,0,0,0,1,0,1,0,7
339,0.542242704,0.174392936,0.348837209,0.272727273,0.339724618,0.59688716,0.152777778,0.598023867,0.267902265,0.713409962,0.31372549,0.625503343,0,0,0,0,0,1,0,0,0,0,0,0,0,0,0,0,1,0,0,0,0,0,0,1,0,7
340,0.569124424,0.536423841,0.598837209,0.272727273,0.476797985,0.730652832,0.31300813,0.975979409,0.412020146,0.642512077,0.4,0.545315885,1,0,0,0,0,0,1,0,0,0,0,0,0,0,0,0,0,0,0,0,0,1,0,1,0,7
341,0.762672811,0.960264901,0.715116279,0.272727273,0.423999833,0.664291407,0.366666667,0.790696009,0.259175123,0.779967159,0.157894737,0.48475164,0,0,0,0,0,0,0,0,0,0,1,0,0,0,0,0,0,0,0,0,0,1,0,1,0,7
342,0.344854071,0.567328918,0.738372093,0.454545455,0.415767565,0.557639117,0.229166667,0.651172179,0.204889328,0.555652553,0.235294118,0.486645598,0,0,0,0,1,0,0,0,0,0,0,0,0,0,0,1,0,0,0,0,0,0,0,1,0,7
343,0.224270353,0.484179544,0.75,0.545454545,0.39517172,0.570536603,0.358695652,0.783184287,0.439241431,0.494722027,0.32,0.449890048,1,0,1,0,0,0,0,0,0,0,0,0,0,1,0,0,0,0,0,0,0,0,0,1,0,7
344,0.519969278,0.646063282,0.691860465,0.272727273,0.444364789,0.472666964,0.431372549,0.602302802,0.421709052,0.49137931,0.424242424,0.365756782,1,0,0,0,1,0,0,0,0,0,0,0,0,0,0,1,0,0,0,0,0,0,0,1,0,7
345,0.335637481,0.250183959,0.534883721,0.363636364,0.381232204,0.620169501,0.305555556,0.702635552,0.713284311,0.616057643,0.170212766,0.770607548,0,0,0,0,0,1,0,0,0,0,0,0,0,0,0,0,1,0,0,0,0,0,0,1,0,7
346,0.546850998,0.323767476,0.441860465,0.363636364,0.343939853,0.83047796,0.130952381,0.837861237,0.302470021,0.882538183,0.275862069,0.778777305,1,0,0,0,0,0,0,0,0,1,0,0,0,0,0,0,0,0,0,0,1,0,0,1,0,7
347,0.371735791,0.258278146,0.563953488,0.363636364,0.45461038,0.660249846,0.225146199,1,0.283206235,0.451340996,0.344827586,0.341435666,1,0,0,0,0,1,0,0,0,0,0,0,0,0,0,0,1,0,0,0,0,0,0,1,0,7
348,0.525345622,0.529065489,0.587209302,0.090909091,0.447039194,0.682879377,0.247747748,0.865411544,0.63283232,0.462692383,0.375,0.502618587,0,0,0,0,0,0,0,0,0,0,1,0,0,0,0,0,0,0,0,0,0,1,0,1,0,7
349,0.444700461,0.178807947,0.412790698,0.363636364,0.891908912,0.31614786,0.423076923,0.642088279,0.523226821,0.558109834,0.421052632,0.599821965,0,0,0,0,0,0,0,0,0,0,0,1,0,0,0,0,0,0,0,0,0,0,1,1,0,7
350,0.279569892,0.268579838,0.558139535,0.272727273,0.387301853,0.410992218,0.475308642,0.472264451,0.239639246,0.566550058,0.514285714,0.311697512,0,0,0,0,0,0,0,0,0,0,0,1,0,0,0,0,0,0,0,0,0,0,1,1,0,7
351,0.289554531,0.419426049,0.773255814,0.636363636,0.239261677,0.486627592,0.117021277,0.477939569,0.421643133,0.205154998,0.580645161,0.113348841,0,0,0,0,0,0,0,0,1,0,0,0,0,0,0,0,0,0,0,1,0,0,0,1,0,7
352,0.47311828,0.464311994,0.546511628,0.363636364,0.368785937,0.63229572,0.35483871,0.641161029,0.277837076,0.655172414,0.256410256,0.489994162,0,0,1,0,0,0,0,0,0,0,0,0,0,1,0,0,0,0,0,0,0,0,0,1,0,7
353,0.599078341,0.481236203,0.447674419,0.454545455,0.6396362,0.564202335,0.289473684,0.705995022,0.1490942,0.794942529,0.425531915,0.561646718,1,0,0,0,1,0,0,0,0,0,0,0,0,0,0,1,0,0,0,0,0,0,0,1,0,7
354,0.698156682,0.331861663,0.418604651,0.363636364,0.309003258,0.424652928,0.447154472,0.473078457,0.229443455,0.48045977,0.451612903,0.224687038,0,0,0,0,0,0,1,0,0,0,0,0,0,0,0,0,0,0,0,0,1,0,0,1,0,7
355,0.604454685,0.623988227,0.651162791,0.090909091,0.358689625,0.349780611,0.814814815,0.434285596,0.385733995,0.571406078,0.458333333,0.419511593,0,0,0,0,0,0,0,0,0,0,1,0,0,0,0,0,0,0,0,0,0,1,0,1,0,7
356,0.519969278,0.709345107,0.662790698,0.272727273,0.336540316,0.539810674,0.268292683,0.546163373,0.320366282,0.609195402,0.4375,0.411419498,0,1,0,0,0,0,0,0,0,0,0,0,1,0,0,0,0,0,0,0,0,0,0,1,0,7
357,0.743471582,0.636497425,0.569767442,0.272727273,0.651816615,0.568149777,0.239130435,0.817614305,0.284499588,0.747126437,0.4375,0.643232225,1,0,0,0,0,0,0,0,0,1,0,0,0,0,0,0,0,0,0,0,1,0,0,1,0,7
358,0.116743472,0.227373068,0.691860465,0.272727273,0.113536708,0.278210117,0.289473684,0.343586992,0.279699517,0.325159642,0.413793103,0.227915516,0,0,0,0,0,0,1,0,0,0,0,0,0,0,0,0,0,0,0,1,0,0,0,1,0,7
359,0.342549923,0.549668874,0.691860465,0.363636364,0.368996875,0.779831388,0.229166667,0.854494396,0.448143981,0.667476121,0.25,0.582563835,0,1,0,0,0,0,0,0,0,0,0,0,1,0,0,0,0,0,0,0,0,0,0,1,0,7
360,0.507680492,0.565857248,0.575581395,0.363636364,0.485587104,0.369123988,0.392857143,0.39281821,0.094905664,0.655172414,0.260869565,0.399191184,1,0,0,0,0,0,0,0,0,1,0,0,0,0,0,0,0,0,0,0,1,0,0,1,0,7
361,0.346390169,0.614422369,0.726744186,0.090909091,0.235852126,0.793243721,0.087301587,0.628498629,0.150853602,0.613574165,0.363636364,0.247943748,1,0,0,0,0,0,0,0,1,0,0,0,0,0,0,0,0,0,0,1,0,0,0,1,0,7
362,0.431643625,0.499632082,0.691860465,0.636363636,0.432797148,0.373540856,0.458333333,0.411569881,0.304549469,0.372944297,0.5,0.246995726,1,0,0,0,0,0,0,0,1,0,0,0,0,0,0,0,0,0,0,1,0,0,0,1,0,7
363,0.521505376,0.44812362,0.5,0.454545455,0.476074415,0.375298105,0.20952381,0.497530469,0.193579521,0.644387683,0.15625,0.53475643,0,0,0,0,0,0,0,0,0,0,0,1,0,0,0,0,0,0,0,0,0,0,1,1,0,7
364,0.437788018,0.423105224,0.575581395,0.181818182,0.108439067,0.466318093,0.04954955,0.414780769,0.14039354,0.426702034,0.636363636,0.292344372,1,0,0,0,0,0,0,0,0,0,0,1,0,0,0,0,0,0,0,0,0,0,1,1,0,7
365,0.083717358,0.386313466,0.76744186,0.636363636,0.347706297,0.539810674,0.47008547,0.451558599,0.533861728,0.18297608,0.615384615,0.134635093,1,0,1,0,0,0,0,0,0,0,0,0,0,1,0,0,0,0,0,0,0,0,0,1,0,8
366,0.688172043,0.522442973,0.598837209,0.363636364,0.472014225,0.349780611,0.229166667,0.401325793,0.195896233,0.549285963,0.238095238,0.288120282,0,0,0,0,0,1,0,0,0,0,0,0,0,0,0,0,1,0,0,0,0,0,0,1,0,8
367,0.307219662,0.067696836,0.430232558,0.363636364,0.389655923,0.547989624,0.152777778,0.588706217,0.378849208,0.502645503,0.205128205,0.460920039,1,0,0,0,0,0,0,1,0,0,0,0,0,0,0,0,0,0,1,0,0,0,0,1,0,8
368,0.344854071,0.349521707,0.575581395,0.454545455,0.130610599,0.497263075,0.203703704,0.380150977,0.064631237,0.489903697,0.16,0.251131825,1,0,0,0,1,0,0,0,0,0,0,0,0,0,0,1,0,0,0,0,0,0,0,1,0,8
369,0.64516129,0.360559235,0.488372093,0.090909091,0.57480299,0.337224384,0.261904762,0.519603401,0.27674886,0.62359784,0.185185185,0.398695375,0,0,0,1,0,0,0,0,0,0,0,0,0,0,1,0,0,0,0,0,0,0,0,1,0,8
370,0.446236559,0.471670346,0.645348837,0.363636364,0.460738733,0.674448768,0.161764706,0.764812885,0.372997191,0.474913337,0.204081633,0.329532037,1,0,1,0,0,0,0,0,0,0,0,0,0,1,0,0,0,0,0,0,0,0,0,1,0,8
371,0.980798771,0.607799853,0.26744186,0.545454545,0.316710307,0.113377164,0.126436782,0.168505586,0.197108659,0.626992955,0.333333333,0.361389551,1,0,0,0,1,0,0,0,0,0,0,0,0,0,0,1,0,0,0,0,0,0,0,1,0,8
372,0.396313364,0.185430464,0.534883721,0.272727273,0.160183201,0.666342412,0.076388889,0.492090522,0.169853692,0.873563218,0.066666667,0.623898175,0,0,0,0,0,0,1,0,0,0,0,0,0,0,0,0,0,0,0,0,0,0,1,1,0,8
373,0.528417819,0.669610007,0.651162791,0.545454545,0.465162855,0.329459349,0.4125,0.486045759,0.369042292,0.355292503,0.166666667,0.295198136,1,0,1,0,0,0,0,0,0,0,0,0,0,1,0,0,0,0,0,0,0,0,0,1,0,8
374,0.723502304,0.520235467,0.447674419,0.363636364,0.358164805,0.501152904,0.31884058,0.431018239,0.197051447,0.613574165,0.175438596,0.237242469,1,1,0,0,0,0,0,0,0,0,0,0,1,0,0,0,0,0,0,0,0,0,0,1,0,8
375,0.493087558,0.347314202,0.494186047,0.545454545,0.344168976,0.482490272,0.329059829,0.572073674,0.302290414,0.537828101,0.24,0.224524309,1,1,0,0,0,0,0,0,0,0,0,0,1,0,0,0,0,0,0,0,0,0,0,1,0,8
376,0.447004608,0.519499632,0.691860465,0.272727273,0.617414056,0.295071336,0.698412698,0.390790179,0.424374012,0.496342738,0.444444444,0.304848607,0,0,0,0,0,0,0,1,0,0,0,0,0,0,0,0,0,0,1,0,0,0,0,1,0,8
377,0.384792627,0.171449595,0.534883721,0.272727273,0.463225322,0.444523052,0.094017094,0.613353142,0.335123693,0.345198369,0.173913043,0.121666732,0,0,0,0,0,0,0,1,0,0,0,0,0,0,0,0,0,0,1,0,0,0,0,1,0,8
378,0.314132104,0.308314937,0.581395349,0.181818182,0.2777567,0.543774319,0.213178295,0.529380739,0.068708609,0.521917008,0.125,0.231588365,1,0,0,0,0,0,0,1,0,0,0,0,0,0,0,0,0,0,1,0,0,0,0,1,0,8
379,0.342549923,0.395879323,0.639534884,0.181818182,0.404611866,0.455252918,0.572916667,0.52359772,0.303508698,0.521917008,0.387096774,0.433257496,0,0,0,0,0,0,0,1,0,0,0,0,0,0,0,0,0,0,1,0,0,0,0,1,0,8
380,0.673579109,0.302428256,0.308139535,0.636363636,0.639230329,0.235475647,0.458333333,0.488036158,0.073086355,0.667139033,0.173913043,0.356624286,0,0,0,0,0,0,1,0,0,0,0,0,0,0,0,0,0,0,0,1,0,0,0,1,0,8
381,0.486943164,0.44665195,0.552325581,0.363636364,0.338769141,0.40077821,0.458333333,0.403331042,0.394676823,0.550344828,0.431372549,0.608864791,1,0,0,1,0,0,0,0,0,0,0,0,0,0,1,0,0,0,0,0,0,0,0,1,0,8
382,0.517665131,0.523178808,0.691860465,0.181818182,0.61824091,0.313618677,0.523809524,0.385839131,0.282791286,0.736704981,0.260869565,0.674411917,0,0,0,0,0,0,1,0,0,0,0,0,0,0,0,0,0,1,0,0,0,0,0,1,0,8
383,0.556067588,0.662987491,0.610465116,0.272727273,0.302193622,0.558527886,0.314285714,0.499739721,0.07698598,1,0.090909091,0.649187691,1,0,0,0,0,0,0,0,0,0,1,0,0,0,0,0,0,0,0,0,0,1,0,1,0,8
384,0.650537634,0.584253127,0.593023256,0.454545455,0.347475472,0.526070039,0.327380952,0.571942354,0.494840056,0.601688951,0.148148148,0.479960781,1,0,0,0,1,0,0,0,0,0,0,0,0,0,0,1,0,0,0,0,0,0,0,1,0,8
385,0.571428571,0.63870493,0.529069767,0,0.274582541,0.773416794,0.244444444,0.676583776,0.354869021,0.736704981,0.29787234,0.697949621,1,0,0,0,0,0,0,0,0,1,0,0,0,0,0,0,0,0,0,0,1,0,0,1,0,8
386,0.572196621,0.319352465,0.441860465,0.272727273,0.102865207,0.733463035,0.162962963,0.489710439,0.24870739,0.543177129,0.304347826,0.451654344,1,0,0,0,1,0,0,0,0,0,0,0,0,0,0,1,0,0,0,0,0,0,0,1,0,8
387,0.662826421,0.325974982,0.377906977,0.454545455,0.45461228,0.397974365,0.611111111,0.448172897,0.477514016,0.560733147,0.4375,0.540762422,1,1,0,0,0,0,0,0,0,0,0,0,1,0,0,0,0,0,0,0,0,0,0,1,0,8
388,0.178955453,0.026490066,0.453488372,0.363636364,0.267305226,0.608371017,0.523809524,0.535749176,0.243724019,0.439946693,0.363636364,0.185220312,0,0,0,0,0,1,0,0,0,0,0,0,0,0,0,0,1,0,0,0,0,0,0,1,0,8
389,0.494623656,0.463576159,0.529069767,0.363636364,0.266244867,0.595917062,0.295698925,0.579198751,0.249607912,0.530377668,0.2,0.418069483,1,0,1,0,0,0,0,0,0,0,0,0,0,1,0,0,0,0,0,0,0,0,0,1,0,8
390,0.714285714,0.752759382,0.686046512,1,0.594097651,0.35908152,0.413978495,0.502352333,0.345665672,0.512549848,0.315789474,0.421924228,0,0,0,1,0,0,0,0,0,0,0,0,0,0,1,0,0,0,0,0,0,0,0,1,0,8
391,0.446236559,0.396615158,0.593023256,0.272727273,0.216187852,0.643792006,0.293333333,0.661558113,0.393062432,0.440361786,0.380952381,0.351915334,1,0,0,0,0,0,0,0,0,0,0,1,0,0,0,0,0,0,0,0,0,0,1,1,0,8
392,0.479262673,0.357615894,0.494186047,0.272727273,1,0.233081559,0.289473684,0.566308552,0.191387414,0.674162919,0.081632653,0.573693251,1,0,0,0,0,1,0,0,0,0,0,0,0,0,0,0,1,0,0,0,0,0,0,1,0,8
393,0.30875576,0.365710081,0.645348837,0.181818182,0.343486036,0.585705509,0.104761905,0.511851185,0.382075219,0.485675073,0.307692308,0.337026444,0,0,0,0,0,1,0,0,0,0,0,0,0,0,0,0,1,0,0,0,0,0,0,1,0,8
394,0.293394777,0.210448859,0.540697674,0.090909091,0.079020332,0.545510033,0.436507937,0.44265677,0.47574707,0.447181171,0.41025641,0.366113516,0,0,0,0,0,0,0,0,1,0,0,0,0,0,0,0,0,0,0,1,0,0,0,1,0,8
395,0.360215054,0.476085357,0.575581395,0.272727273,0.477071266,0.425745785,0.366666667,0.499502902,0.228079087,0.450262523,0.476190476,0.207161572,1,0,0,0,0,0,0,0,0,1,0,0,0,0,0,0,0,0,0,0,1,0,0,1,0,8
396,0.423963134,0.292126564,0.447674419,0.454545455,0.554128632,0.288045828,0.611111111,0.282048015,0.259472688,0.436781609,0.594594595,0.245902655,0,0,0,0,0,0,0,0,0,0,1,0,0,0,0,0,0,0,0,0,0,1,0,1,0,8
397,0.288786482,0.278145695,0.639534884,0.636363636,0.330778609,0.393048691,0.15942029,0.439208775,0.45874225,0.305747126,0.352941176,0.310446949,0,0,0,0,0,0,0,0,0,0,0,1,0,0,0,0,0,0,0,0,0,0,1,1,0,8
398,0.580645161,0.268579838,0.534883721,0.454545455,0.388605283,0.214741943,0.101851852,0.437230484,0.271609128,0.644895199,0.326530612,0.433029114,0,0,0,0,0,0,0,0,0,0,0,1,0,0,0,0,0,0,0,0,0,0,1,1,0,8
399,0.19969278,0.435614422,0.720930233,0.272727273,0.212837904,0.722100039,0.162962963,0.741295672,0.164878908,0.258098224,0.5,0.129659967,0,0,0,0,0,0,0,0,1,0,0,0,0,0,0,0,0,0,0,1,0,0,0,1,0,8
400,0.672043011,0.548197204,0.581395349,0.181818182,0.278112448,0.559737195,0.192982456,0.619293148,0.225382398,0.43308007,0.085106383,0.310171794,1,0,0,0,0,0,0,0,1,0,0,0,0,0,0,0,0,0,0,1,0,0,0,1,0,8
401,0.987711214,0.608535688,0.36627907,0.363636364,0.301782324,0.357574131,0.25,0.315738337,0.538118185,0.354885057,0.769230769,0.28487195,0,0,0,0,0,0,0,0,0,0,1,0,0,0,0,0,0,0,0,0,0,1,0,1,0,8
402,0.523809524,0.584988962,0.645348837,0.727272727,0.202957885,0.515820193,0.271604938,0.462797489,0.284898994,0.444312327,0.242424242,0.307604152,0,0,0,0,0,0,0,0,0,0,1,0,0,0,0,0,0,0,0,0,0,1,0,1,0,8
403,0.473886329,0.657100809,0.674418605,0.090909091,0.25458005,0.698356467,0.423076923,0.531297074,0.306363934,0.655172414,0.5,0.551712059,1,0,1,0,0,0,0,0,0,0,0,0,0,1,0,0,0,0,0,0,0,0,0,1,0,8
404,0.540706605,0.575423105,0.593023256,0.454545455,0.225355514,0.428015564,0.458333333,0.208612196,0.712486024,0.272030651,0.428571429,0.241435427,1,1,0,0,0,0,0,0,0,0,0,0,1,0,0,0,0,0,0,0,0,0,0,1,0,8
405,0.53609831,0.224429728,0.343023256,0.272727273,0.316699105,0.390873718,0.293333333,0.247330162,0.33843328,0.776127321,0.380952381,0.599845125,1,0,0,0,0,0,0,0,0,1,0,0,0,0,0,0,0,0,0,0,1,0,0,1,0,8
406,0.585253456,0.59749816,0.569767442,0.363636364,0.851274814,0.415167756,0.611111111,0.653021824,0.513044507,0.484721054,0.269230769,0.469457062,1,0,0,1,0,0,0,0,0,0,0,0,0,0,1,0,0,0,0,0,0,0,0,1,0,8
407,0.377880184,0.415746873,0.546511628,0.363636364,0.416406926,0.318187524,0.244444444,0.360762626,0.288625513,0.655172414,0.208333333,0.532672197,1,0,0,0,0,0,0,0,1,0,0,0,0,0,0,0,0,0,0,1,0,0,0,1,0,8
408,0.447772657,0.532744665,0.697674419,0.272727273,0.150680003,0.79622424,0.244444444,0.679175206,0.407078671,0.453580902,0.538461538,0.362078918,1,0,0,0,0,0,0,0,0,1,0,0,0,0,0,0,0,0,0,0,1,0,0,1,0,8
409,0.378648233,0.376011773,0.697674419,0.272727273,0.316770248,0.438655156,0.144736842,0.514875041,0.428285456,0.305747126,0.235294118,0.124426387,1,0,0,0,0,0,0,0,1,0,0,0,0,0,0,0,0,0,0,1,0,0,0,1,0,8
410,0.288786482,0.572479765,0.639534884,0.818181818,0.459787649,0.321274582,0.366666667,0.26648451,0.45704655,0.399823165,0.47826087,0.349350404,1,0,0,0,0,0,0,0,0,0,0,1,0,0,0,0,0,0,0,0,0,0,1,1,0,8
411,0.553763441,0.330389993,0.453488372,0.363636364,0.662246931,0.300340467,0.5,0.530013884,0.399490618,0.4169279,0.625,0.333470607,0,1,0,0,0,0,0,0,0,0,0,0,1,0,0,0,0,0,0,0,0,0,0,1,0,8
412,0.551459293,0.720382634,0.691860465,0.272727273,0.296807381,0.554188602,0.4125,0.490123414,0.334338717,0.445517241,0.266666667,0.278089065,1,0,0,0,0,0,0,0,0,1,0,0,0,0,0,0,0,0,0,0,1,0,0,1,0,9
413,0.479262673,0.523178808,0.569767442,0.181818182,0.265632845,0.693344962,0.305555556,0.598444277,0.145030591,0.589981129,0.238095238,0.392194594,0,0,0,0,0,0,1,0,0,0,0,0,0,1,0,0,0,0,0,0,0,0,0,1,0,9
414,0.072196621,0.225165563,0.686046512,0.272727273,0.374806667,0.529363858,0.166666667,0.762350509,0.191986585,0.489903697,0.384615385,0.292203363,1,0,0,0,0,1,0,0,0,0,0,0,0,0,0,0,1,0,0,0,0,0,0,1,0,9
415,0.066052227,0.395143488,0.715116279,0.454545455,0.247239147,0.396238651,0.576190476,0.410812484,0.175715979,0.5235396,0.416666667,0.227821862,0,0,0,0,0,0,0,1,0,0,0,0,0,0,0,0,0,0,1,0,0,0,0,1,0,9
416,0.729646697,1,0.790697674,0.454545455,0.510716519,0.543774319,0.806666667,0.653160618,0.288638583,0.589655172,0.193548387,0.339101026,1,0,0,0,1,0,0,0,0,0,0,0,0,0,0,1,0,0,0,0,0,0,0,1,0,9
417,0.511520737,0.225165563,0.406976744,0.181818182,0.483755204,0.509727626,0.126436782,0.586885138,0.237621701,0.841341624,0.52173913,0.612270181,0,0,1,0,0,0,0,0,0,0,0,0,0,1,0,0,0,0,0,0,0,0,0,1,0,9
418,0.526113671,0.29580574,0.337209302,0.272727273,0.385161115,0.346742814,0.146666667,0.40709394,0.492111705,0.677011494,0.1,0.737167892,1,1,0,0,0,0,0,0,0,0,0,0,1,0,0,0,0,0,0,0,0,0,0,1,0,9
419,0.535330261,0.66151582,0.622093023,0.545454545,0.155381386,0.620492866,0.233333333,0.52524098,0.480612949,0.325796118,0.476190476,0.153454127,0,1,0,0,0,0,0,0,0,0,0,0,0,0,0,0,0,1,0,0,0,0,0,1,0,9
420,0.14516129,0.307579102,0.703488372,0.272727273,0.193364591,0.590964806,0.360466989,0.510357473,0.32107199,0.366734239,0.5,0.28623219,1,0,0,0,0,0,1,0,0,0,0,0,1,0,0,0,0,0,0,0,0,0,0,1,0,9
421,0.682795699,0.522442973,0.627906977,0.545454545,0.222712698,0.484760052,0.458333333,0.547365979,0.335859966,0.34318555,0.592592593,0.217011782,0,0,0,1,0,0,0,0,0,0,0,0,0,0,1,0,0,0,0,0,0,0,0,1,0,9
422,0.375576037,0.585724798,0.691860465,0.181818182,0.862826211,0.455252918,0.493589744,0.690745473,0.306195626,0.520778073,0.277777778,0.435260474,1,0,0,1,0,0,0,0,0,0,0,0,0,0,1,0,0,0,0,0,0,0,0,1,0,9
423,0.485407066,0.568800589,0.656976744,0.454545455,0.381491243,0.63229572,0.203703704,0.793569208,0.391829968,0.519831633,0.342857143,0.460407773,0,0,0,0,0,0,0,0,0,0,1,0,0,0,0,0,0,0,0,0,0,1,0,1,0,9
424,0.316436252,0.507726269,0.656976744,0.181818182,0.381433371,0.492525087,0.177419355,0.527443282,0.201871094,0.37254902,0.238095238,0.280680391,0,0,0,0,0,0,0,1,0,0,0,0,0,0,0,0,0,0,1,0,0,0,0,1,0,9
425,0.384024578,0.418690213,0.645348837,0.181818182,0.131842886,0.521643969,0.111111111,0.39282601,0.324540961,0.501014199,0.166666667,0.357221738,0,1,0,0,0,0,0,0,0,0,0,0,1,0,0,0,0,0,0,0,0,0,0,1,0,9
426,0.258832565,0.128771155,0.430232558,0.363636364,0.508304858,0.758754864,0.1375,0.860382916,0.365328146,0.474913337,0.230769231,0.384038259,1,0,0,0,0,1,0,0,0,0,0,0,0,0,0,0,1,0,0,0,0,0,0,1,0,9
427,0.610599078,0.348050037,0.447674419,0.181818182,0.544010625,0.109214715,0.289473684,0.330115822,0.157070079,0.595339317,0.269230769,0.4340074,1,0,0,0,1,0,0,0,0,0,0,0,0,0,0,1,0,0,0,0,0,0,0,1,0,9
428,0.415514593,0.428256071,0.569767442,0.363636364,0.563333006,0.284533074,0.229166667,0.433746298,0.325141551,0.48045977,0.5,0.463488766,0,0,0,0,0,0,0,0,0,0,0,1,0,0,0,0,0,0,0,0,0,0,1,1,0,9
429,0.006144393,0.14790287,0.622093023,0.545454545,0.477949583,0.368284525,0.855555556,0.407525435,0.398870277,0.20332937,0.466666667,0.188509121,1,0,0,0,0,0,1,0,0,0,0,0,0,0,0,0,0,1,0,0,0,0,0,1,0,9
430,0.491551459,0.634289919,0.697674419,0.454545455,0.413223053,0.439857892,0.398550725,0.555703324,0.53335722,0.254789272,1,0.193965942,1,0,0,0,1,0,0,0,0,0,0,0,0,0,0,1,0,0,0,0,0,0,0,1,0,9
431,0.571428571,0.325239146,0.476744186,0.090909091,0.273551366,0.434113479,0.427777778,0.419181583,0.141294923,0.734587252,0.342857143,0.462323005,0,0,0,0,1,0,0,0,0,0,0,0,0,0,0,1,0,0,0,0,0,0,0,1,0,9
432,0.444700461,0.588668138,0.802325581,0.454545455,0.256696865,0.795361458,0.402439024,0.652311667,0.466059086,0.430541872,0.333333333,0.433646981,0,0,0,0,0,0,0,0,0,1,0,0,0,0,0,0,0,0,0,0,1,0,0,1,0,9
433,0.416282642,0.097866078,0.441860465,0.393939394,0.544127853,0.584253463,0.359477124,0.723876586,0.36458439,0.480666402,0.198285013,0.373977142,1,0,1,0,0,0,0,0,0,0,0,0,0,1,0,0,0,0,0,0,0,0,0,1,0,9
434,0.613671275,0.663723326,0.593023256,0.363636364,0.460363444,0.38332928,0.366666667,0.498817918,0.186256703,0.697785254,0.408163265,0.470897107,0,0,1,0,0,0,0,0,0,0,0,0,0,1,0,0,0,0,0,0,0,0,0,1,0,9
435,0.97235023,0.499632082,0.343023256,0.545454545,0.559407439,0.220858223,0.295698925,0.376646057,0.470804396,0.643827437,0.358974359,0.530323789,0,0,0,0,0,0,0,0,0,0,1,0,0,0,0,0,0,0,0,0,0,1,0,0,1,9
436,0.566820276,0.663723326,0.645348837,0.727272727,0.347077729,0.483102348,0.396396396,0.283903886,0.182323042,0.695490716,0.27027027,0.397965457,1,1,0,0,0,0,0,0,0,0,0,0,1,0,0,0,0,0,0,0,0,0,0,1,0,9
437,0.384792627,0.522442973,0.622093023,0.454545455,0.553672447,0.433122568,0.183333333,0.72076185,0.470836357,0.55240027,0.181818182,0.447993047,0,0,1,0,0,0,0,0,0,0,0,0,0,1,0,0,0,0,0,0,0,0,0,1,0,9
438,0.597542243,0.704930096,0.581395349,0.363636364,0.580869513,0.14685578,0.392857143,0.237759161,0.695933259,0.419074247,0.486486486,0.569293526,1,0,0,1,0,0,0,0,0,0,0,0,0,0,1,0,0,0,0,0,0,0,0,1,0,9
439,0.686635945,0.358351729,0.494186047,0.454545455,0.35697831,0.369511825,0.35078976,0.370000356,0.336128643,0.608256762,0.271587302,0.487555308,0,0,0,0,0,1,0,0,0,0,0,0,0,0,0,0,1,0,0,0,0,0,0,1,0,9
440,0.533026114,0.415746873,0.569767442,0.272727273,0.192613971,0.63229572,0.174603175,0.622064747,0.231638279,0.419982317,0.105263158,0.307665498,1,0,0,0,0,0,0,0,0,0,1,0,0,0,0,0,0,0,0,0,0,1,0,1,0,9
441,0.26344086,0.424576895,0.715116279,0.545454545,0.440135169,0.328793774,0.398550725,0.53797008,0.534829479,0.088122605,0.933333333,0,0,0,0,0,0,0,0,0,0,0,0,1,0,0,0,0,0,0,0,0,0,0,1,1,0,9
442,0.328725038,0.63870493,0.773255814,0.363636364,0.427993021,0.735762292,0.229166667,0.942234862,0.495434001,0.617191404,0.083333333,0.524921407,0,0,0,0,0,0,0,0,0,1,0,0,0,0,0,0,0,0,0,0,1,0,0,1,0,9
443,0.369431644,0.523914643,0.662790698,0.363636364,0.45461038,0.660249846,0.225146199,1,0.283206235,0.451340996,0.344827586,0.341435666,0,0,0,0,0,1,0,0,0,0,0,0,0,0,0,0,1,0,0,0,0,0,0,1,0,9
444,0.513824885,0.479764533,0.581395349,0.363636364,0.649446612,0.272677529,0.401041667,0.467246902,0,0.668611848,0.256410256,0.255453085,1,0,0,0,0,0,0,0,0,0,0,1,0,0,0,0,0,0,0,0,0,0,1,1,0,9
445,0.576036866,0.291390728,0.319767442,0.454545455,0.57458544,0.131957368,0.244444444,0.337494361,0.259160616,0.770114943,0.127659574,0.661348216,1,0,0,0,0,0,0,0,1,0,0,0,0,0,0,0,0,0,0,1,0,0,0,1,0,9
446,0.766513057,0.604856512,0.488372093,0.363636364,0.292073392,0.28102032,0.515625,0.334885302,0.234903539,0.64173298,0.210526316,0.504449768,0,0,0,0,0,0,0,0,0,0,1,0,0,0,0,0,0,0,0,0,0,1,0,1,0,9
447,0.5906298,0.601913171,0.645348837,0.454545455,0.605124775,0.429656369,0.502688172,0.627822101,0.343222844,0.595339317,0.518518519,0.474851884,1,0,0,0,0,0,0,0,0,0,1,0,0,0,0,0,0,0,0,0,0,1,0,1,0,9
448,0.19124424,0.472406181,0.761627907,0.545454545,0.589881888,0.562410403,0.777777778,0.823180462,0.369595639,0.459598559,0.303030303,0.326614654,1,0,0,0,0,0,0,0,0,1,0,0,0,0,0,0,0,0,0,0,1,0,0,1,0,9
449,0.566820276,0.625459897,0.593023256,0.363636364,0.417353431,0.491466219,0.289473684,0.631106548,0.45141299,0.451739883,0.2,0.195922144,0,0,0,1,0,0,0,0,0,0,0,0,0,0,1,0,0,0,0,0,0,0,0,1,0,9
450,0.882488479,0.520971302,0.348837209,0.181818182,0.460537122,0.281550547,0.436507937,0.319392645,0.108310833,0.734587252,0.192307692,0.47321625,1,0,0,0,1,0,0,0,0,0,0,0,0,0,0,1,0,0,0,0,0,0,0,1,0,9
451,0.553763441,0.550404709,0.581395349,0.363636364,0.455055513,0.514267185,0.261904762,0.578895863,0.302603789,0.655172414,0.571428571,0.53002423,0,1,0,0,0,0,0,0,0,0,0,0,1,0,0,0,0,0,0,0,0,0,0,1,0,9
452,0.310291859,0.337012509,0.581395349,0.363636364,0.357105324,0.647299347,0.063218391,0.630984284,0.073822224,0.555336617,0.275862069,0.269806054,0,0,0,0,0,1,0,0,0,0,0,0,0,0,0,0,1,0,0,0,0,0,0,1,0,9
453,0.623655914,0.359087564,0.418604651,0.363636364,0.273051606,0.428015564,0.244444444,0.419561252,0.447277329,0.631562597,0.23255814,0.6008373,1,0,0,0,0,0,0,0,0,1,0,0,0,0,0,0,0,0,0,0,1,0,0,1,0,9
454,0.498463902,0.345106696,0.325581395,0.272727273,0.478934257,0.328003405,0.392857143,0.441127887,0.274291711,0.558109834,0.75,0.420684839,0,0,0,0,0,0,0,0,1,0,0,0,0,0,0,0,0,0,0,1,0,0,0,1,0,9
455,0.483102919,0.40397351,0.488372093,0.272727273,0.565887739,0.602788586,0.458333333,0.741524063,0.221947728,0.617191404,0.470588235,0.280413957,1,0,0,0,0,0,0,0,1,0,0,0,0,0,0,0,0,0,0,1,0,0,0,1,0,9
456,0.20890937,0.397350993,0.744186047,0.363636364,0.42510635,0.601771099,0.134146341,0.678730414,0.35151175,0.410574713,0.214285714,0.323153358,0,0,0,0,0,0,0,0,1,0,0,0,0,0,0,0,0,0,0,1,0,0,0,1,0,9
457,0.301075269,0.306107432,0.529069767,0.545454545,0.30451362,0.528829148,0.396396396,0.601628876,0.088697545,0.547203926,0.212765957,0.291999326,0,0,0,0,0,0,0,1,0,0,0,0,0,0,0,0,0,0,1,0,0,0,0,1,0,9
458,0.353302611,0.450331126,0.639534884,0.363636364,0.375084509,0.282869138,0.333333333,0.417827628,0.534938218,0.583568871,0.4375,0.575431331,1,0,0,0,0,0,0,1,0,0,0,0,0,0,0,0,0,0,1,0,0,0,0,1,0,9
